gauge_id,nse,kge,corr,bias,n_days
01013500,0.9043,0.8123,0.9609,0.8658,258
01022500,0.8469,0.7382,0.9406,1.0507,258
01030500,0.8254,0.8030,0.9382,1.1020,258
01031500,0.8092,0.8575,0.8998,1.0302,256
01047000,0.7242,0.8281,0.8530,0.9933,258
01052500,0.4661,0.4070,0.7182,0.7147,258
01054200,0.6032,0.4031,0.8358,0.5834,258
01055000,0.5337,0.6887,0.7384,0.9454,258
01057000,0.8430,0.7456,0.9357,0.9177,258
01073000,0.8524,0.9154,0.9277,1.0418,258
01078000,0.6595,0.5063,0.8827,0.7163,256
01118300,0.4934,0.7515,0.7576,0.9623,256
01121000,0.7170,0.5622,0.9370,1.3523,258
01123000,0.8230,0.8101,0.9376,1.0542,258
01134500,0.8168,0.7976,0.9092,0.8748,256
01137500,0.6016,0.5880,0.7976,0.7984,258
01139000,0.8818,0.8547,0.9434,0.9131,258
01139800,0.8530,0.8705,0.9300,1.1029,258
01142500,0.7818,0.7376,0.8984,0.8663,258
01144000,0.8953,0.9452,0.9487,0.9919,258
01169000,0.7436,0.8167,0.8631,1.0421,257
01170100,0.7927,0.8186,0.8926,0.9253,257
01181000,0.8023,0.7191,0.9407,1.1819,256
01187300,0.8415,0.7126,0.9450,1.0077,258
01195100,0.4887,0.5604,0.7006,0.9443,258
01333000,0.6828,0.6442,0.8432,0.8600,256
01350000,0.5586,0.3787,0.8420,0.7116,255
01350080,0.6152,0.4758,0.8451,0.6631,258
01350140,0.7554,0.6103,0.9034,0.6623,209
01365000,0.7896,0.6175,0.9373,0.8307,256
01411300,0.4962,0.5754,0.7896,1.3504,249
01413500,0.7461,0.5772,0.9245,0.8303,258
01414500,0.4349,0.2801,0.7869,0.6111,256
01415000,0.5023,0.3773,0.8152,0.6653,213
01423000,0.5641,0.4649,0.8253,0.7295,258
01434025,0.6184,0.7139,0.8282,0.7739,258
01435000,0.8997,0.8006,0.9597,0.9212,250
01439500,0.7808,0.7111,0.9104,0.8312,256
01440000,0.8740,0.8495,0.9380,1.0197,258
01440400,0.9073,0.9300,0.9565,1.0411,232
01451800,0.6677,0.7329,0.8203,1.0998,256
01466500,-7.2720,-1.5388,0.7328,1.0171,256
01484100,-0.0804,0.4012,0.7470,1.4307,258
01485500,-7.9485,-1.6708,0.5450,2.7233,253
01486000,-2.6026,-0.4122,0.5728,1.9766,258
01487000,-0.1848,0.3319,0.7744,1.1647,258
01491000,0.7196,0.6497,0.8707,0.9927,258
01510000,0.8541,0.7624,0.9395,0.9891,258
01516500,0.4551,0.2774,0.8227,0.6241,258
01518862,0.5372,0.4153,0.8212,0.6518,258
01532000,0.7620,0.8739,0.8814,0.9572,258
01539000,0.8283,0.8664,0.9171,0.9048,242
01542810,0.6227,0.5400,0.8265,0.8080,258
01543000,0.7476,0.7306,0.8797,0.8344,258
01543500,0.8028,0.7212,0.9200,0.8515,258
01544500,0.6269,0.4813,0.9098,0.6425,258
01545600,0.5327,0.3737,0.8847,0.6256,258
01547700,0.7384,0.6932,0.9337,1.0231,258
01548500,0.5543,0.4086,0.8721,0.6431,256
01549500,0.6284,0.5085,0.8691,0.6788,256
01550000,0.6288,0.5262,0.8619,0.6908,256
01552000,0.5166,0.6658,0.8454,0.9042,258
01552500,0.7095,0.8431,0.8623,0.9336,258
01557500,0.2249,0.5328,0.7683,1.2538,258
01567500,0.5033,0.6036,0.7194,1.1230,258
01568000,0.6225,0.6556,0.8104,1.2147,258
01580000,0.4926,0.6473,0.7092,0.9708,254
01583500,0.4384,0.6104,0.6874,0.8834,258
01586610,0.7344,0.7474,0.8786,0.8305,224
01591400,0.1416,0.5799,0.6986,1.1068,258
01596500,0.6116,0.4186,0.8791,0.6947,256
01605500,0.4446,0.6081,0.7079,1.2029,258
01606500,0.7318,0.6692,0.8756,0.8387,231
01613050,0.3906,0.5548,0.6467,1.1493,258
01620500,0.5040,0.3378,0.8123,0.5306,256
01632000,0.5808,0.6742,0.7781,1.2104,256
01632900,0.3481,0.6448,0.7690,1.0920,256
01634500,0.4627,0.5268,0.6809,1.0098,241
01638480,-0.4915,-0.0406,0.7568,1.9349,253
01639500,0.7365,0.7141,0.8712,1.1753,258
01644000,-0.4847,-0.0770,0.8354,1.9782,258
01658500,-0.7557,0.0731,0.5965,1.6007,223
01664000,0.7785,0.8334,0.8844,1.0627,258
01666500,0.2536,0.5493,0.6943,1.3299,243
01667500,0.3880,0.6293,0.7439,1.2681,236
01669000,0.7524,0.8755,0.8772,0.9804,233
01669520,-1.7429,-0.2550,0.7930,1.7844,256
02011400,0.6657,0.7198,0.8181,1.0787,258
02011460,0.6529,0.5739,0.8374,0.8293,258
02013000,0.9144,0.8346,0.9593,1.1537,258
02014000,0.6433,0.8060,0.8134,1.0120,257
02015700,0.8980,0.8037,0.9596,1.0337,242
02016000,0.7753,0.6854,0.9000,0.8141,258
02017500,0.6568,0.7449,0.8792,1.0609,256
02018000,0.7469,0.8708,0.8800,1.0142,251
02027000,0.7410,0.7102,0.8942,0.7337,238
02027500,0.7079,0.5521,0.9185,0.6095,241
02028500,0.6688,0.6425,0.8419,0.8308,232
02038850,0.3166,0.5590,0.6090,0.8976,256
02046000,0.7140,0.4799,0.9140,1.5105,248
02051000,0.6923,0.6767,0.8764,1.2675,258
02051500,0.7399,0.6800,0.8739,1.2676,256
02053200,0.1738,0.3295,0.6835,1.5885,210
02053800,0.5996,0.5587,0.8022,0.8974,239
02055100,0.7430,0.6862,0.8792,1.0549,256
02056900,0.8235,0.9009,0.9174,0.9771,233
02059500,0.7809,0.6878,0.9279,0.7521,227
02064000,0.6570,0.5176,0.8724,0.7444,246
02065500,0.5998,0.4867,0.9032,0.6167,256
02069700,-0.0230,0.4808,0.6907,1.3510,231
02070000,0.3320,0.5813,0.7857,1.3037,258
02074500,0.3852,0.6818,0.7395,1.1336,258
02077200,0.7481,0.7772,0.8662,1.0641,258
02081500,0.5194,0.4324,0.7543,1.4930,258
02082950,0.2930,0.3551,0.8192,1.5149,258
02092500,-0.0988,-0.0274,0.6564,1.9682,258
02096846,-1.5180,-0.3359,0.4064,1.9982,258
02102908,0.5585,0.7072,0.7540,0.9656,258
02108000,0.7795,0.7578,0.8899,1.0968,258
02111180,0.6773,0.6636,0.8359,1.1126,258
02111500,0.5895,0.7694,0.7860,1.0522,258
02118500,0.4469,0.7226,0.7747,1.1062,258
02128000,-0.0998,-0.6067,0.8397,2.5022,258
02137727,0.0215,0.4215,0.7825,1.1668,258
02140991,0.6612,0.7352,0.8737,1.2327,258
02143000,-0.8606,0.1476,0.7992,1.3568,258
02143040,-1.5543,-0.1709,0.7122,1.2069,256
02149000,0.3546,0.4285,0.8815,1.3115,258
02152100,0.3753,0.5334,0.8644,1.1343,258
02177000,0.6794,0.6574,0.8566,1.1014,258
02178400,0.6572,0.6920,0.8168,1.0364,258
02193340,-0.7066,-0.0908,0.8216,1.4751,257
02196000,0.6088,0.3871,0.8595,0.6453,258
02198100,0.4688,0.3472,0.8282,1.6180,258
02202600,-0.3921,-0.9475,-0.4809,1.8133,256
02212600,0.7890,0.6307,0.8971,1.3521,256
02215100,0.3599,0.3562,0.6141,0.8642,257
02216180,0.3737,0.2139,0.7362,0.6730,258
02221525,0.6962,0.6291,0.8618,1.2002,256
02231000,-0.4130,0.0119,0.6458,1.8299,258
02231342,0.6521,0.5691,0.8394,1.1089,258
02235200,0.6260,0.6709,0.8135,1.1056,257
02245500,-1.8854,-0.1783,0.6107,1.2454,258
02246000,0.5580,0.6573,0.8704,0.9934,256
02296500,0.6296,0.5074,0.8501,1.1338,258
02297155,0.3839,0.1213,0.8285,0.3614,257
02297310,0.5664,0.6427,0.7617,0.8168,256
02298123,0.6259,0.5479,0.8220,0.7577,258
02298608,0.7582,0.4605,0.9362,1.5338,258
02299950,0.7012,0.8498,0.8522,1.0252,258
02300700,0.6969,0.7830,0.8364,0.9327,258
02310947,-0.1646,-0.6645,-0.3814,1.3907,258
02312200,-0.4352,-1.1645,-0.2681,2.5235,258
02314500,-0.4283,-0.6059,-0.2937,0.4981,258
02315500,-0.4073,-0.7421,-0.3523,0.3668,258
02324400,-0.1620,-0.3618,0.3507,0.1564,258
02327100,-2.4726,-1.1387,0.8426,2.7896,254
02349900,0.4719,0.3902,0.7306,1.2042,258
02350900,0.5840,0.5574,0.9167,0.6953,258
02361000,0.7850,0.7326,0.9311,0.7596,258
02363000,0.6199,0.2876,0.9508,0.4870,256
02369800,0.7412,0.6347,0.8867,0.8653,257
02371500,0.6141,0.4409,0.9021,0.9123,258
02372250,0.7638,0.6077,0.9284,1.0283,256
02374500,0.8073,0.7410,0.9110,0.8881,258
02381600,0.4353,0.4949,0.6616,1.0396,258
02384540,0.3183,0.2960,0.6337,0.7914,258
02395120,0.1591,0.6118,0.6623,1.0221,258
02408540,0.7657,0.8668,0.8828,1.0617,258
02415000,0.8156,0.8024,0.9231,1.1820,248
02422500,0.7638,0.8151,0.9001,1.1541,241
02427250,0.7584,0.7041,0.8759,1.2451,258
02430085,0.2079,0.4435,0.5102,1.0353,258
02450250,0.5873,0.5840,0.7761,1.1409,258
02464000,0.8452,0.8233,0.9280,1.1569,258
02465493,0.7517,0.8079,0.8804,1.1303,255
02469800,0.6924,0.4798,0.9074,0.6704,256
02472000,0.8524,0.6751,0.9493,0.7972,258
02472500,0.8084,0.8266,0.9111,0.8534,258
02479155,0.7640,0.7314,0.8807,0.9122,258
02479300,0.6794,0.7004,0.8265,0.9030,258
02481000,0.7235,0.5941,0.8684,0.7483,258
02481510,0.7994,0.5819,0.9402,0.7587,256
03010655,0.6405,0.5243,0.8872,0.6802,229
03011800,0.4510,0.5376,0.7092,0.7930,257
03015500,0.7748,0.8037,0.8863,0.8873,258
03021350,0.7607,0.7607,0.8833,0.8080,255
03026500,0.6549,0.6554,0.8259,0.8425,258
03028000,0.5875,0.5897,0.8560,0.6938,258
03049800,0.4122,0.3507,0.6942,0.7008,258
03050000,0.4731,0.6252,0.8396,1.1294,256
03066000,0.7786,0.8072,0.8878,0.8828,258
03069500,0.7447,0.6903,0.8816,0.7943,256
03070500,0.6616,0.7104,0.8934,1.0930,258
03076600,0.7390,0.5953,0.9093,0.7433,258
03078000,0.5615,0.4729,0.7988,0.7313,258
03140000,0.7207,0.6298,0.8794,0.9928,256
03144000,0.6775,0.6452,0.8812,1.2992,258
03159540,0.8815,0.8222,0.9453,1.0442,258
03161000,0.8294,0.8735,0.9174,0.9301,258
03164000,0.5364,0.7376,0.7654,0.9127,258
03165000,0.0576,0.5739,0.6193,1.0313,241
03170000,0.7577,0.7701,0.8732,0.9786,258
03173000,0.6949,0.7103,0.8443,0.8256,258
03180500,0.7241,0.5763,0.8999,0.8207,242
03182500,0.7200,0.7377,0.8516,0.9184,256
03186500,0.7574,0.8773,0.8788,1.0190,256
03187500,0.6110,0.7678,0.8465,0.9610,255
03213700,0.4662,0.7355,0.7568,1.0744,258
03237280,0.3031,0.4113,0.5608,0.8390,258
03237500,0.7128,0.7481,0.8489,1.1740,256
03241500,0.8820,0.8875,0.9398,0.9545,245
03280700,-0.1490,0.4534,0.5426,0.7669,213
03281100,0.1593,0.5333,0.6015,0.7581,256
03281500,0.3763,0.6371,0.7055,0.7890,241
03285000,-2.4484,-0.5346,0.3283,2.0882,255
03291780,0.6512,0.6546,0.8100,1.1524,258
03300400,0.8409,0.7275,0.9268,1.2621,258
03340800,0.4980,0.6457,0.8289,1.1869,210
03346000,0.6878,0.5046,0.8820,0.7201,258
03364500,0.7627,0.7917,0.8741,0.9302,258
03366500,0.7455,0.6366,0.8920,0.8882,258
03368000,0.4550,0.6721,0.7044,1.1055,258
03384450,0.6419,0.3469,0.9240,0.6254,258
03439000,0.4910,0.4074,0.8377,0.7088,256
03450000,0.5193,0.3991,0.8248,0.9350,258
03455500,0.1794,0.4843,0.5644,0.7978,256
03456500,0.5532,0.5971,0.7555,0.9040,256
03460000,0.1830,0.5522,0.7565,0.7045,258
03463300,0.4829,0.7280,0.7914,1.0581,258
03471500,0.5589,0.6842,0.8479,0.7349,256
03473000,0.5890,0.6313,0.8466,0.7603,258
03479000,0.4181,0.6048,0.6681,0.9281,256
03488000,0.6193,0.5660,0.8319,0.7332,258
03498500,0.5493,0.6171,0.7889,0.7922,258
03500000,0.6841,0.7197,0.9249,0.8400,256
03504000,0.2886,0.6001,0.6298,0.9183,256
03574500,0.5211,0.3760,0.7938,0.6671,258
03604000,0.3649,0.3004,0.6736,0.8410,258
04015330,0.6419,0.4824,0.8482,0.7351,217
04024430,0.7035,0.4996,0.8902,0.6211,258
04027000,0.6384,0.5318,0.8309,0.7181,256
04040500,0.8459,0.7365,0.9330,0.8563,258
04043050,0.7798,0.7530,0.8898,0.8481,182
04045500,0.8952,0.7518,0.9665,0.7701,254
04056500,0.4918,0.4034,0.7947,0.7039,250
04057510,0.8720,0.6406,0.9813,0.7528,180
04057800,0.8051,0.5958,0.9318,0.7095,258
04059500,0.8692,0.8176,0.9387,0.9778,258
04063700,0.8400,0.5404,0.9784,0.6276,258
04074950,0.6801,0.5566,0.9339,0.7405,258
04105700,0.8789,0.8323,0.9465,0.9571,258
04115265,0.8301,0.6838,0.9472,1.0071,258
04122200,0.7580,0.7181,0.8895,0.8853,258
04122500,0.8637,0.8458,0.9393,0.9264,256
04124000,0.8909,0.8709,0.9648,1.0770,258
04127997,0.8999,0.8014,0.9622,0.9745,221
04185000,0.8715,0.8872,0.9339,0.9723,258
04196800,0.8696,0.8598,0.9338,0.9381,258
04197100,0.8887,0.7174,0.9545,1.2707,258
04197170,0.9008,0.9385,0.9521,0.9722,258
04213000,0.6571,0.7255,0.8152,0.8825,257
04213075,0.3758,0.3948,0.6283,0.8346,254
04216418,0.7245,0.7921,0.8578,1.1320,258
04221000,0.3585,0.2763,0.7854,0.5656,258
04224775,0.5551,0.3868,0.8500,0.6136,256
04256000,0.8228,0.8582,0.9224,1.0899,256
04296000,0.7013,0.6846,0.8512,0.8507,258
05057000,-0.5227,0.0495,0.6314,0.5335,180
05057200,-4.9322,-1.0419,0.6906,1.1882,257
05062500,0.2961,0.5803,0.6042,1.0370,221
05087500,0.3365,0.4323,0.5816,1.0425,258
05120500,-9.9994,-1.4887,-0.0639,3.1891,210
05123400,-0.4841,-0.7291,-0.1273,0.1418,258
05129115,-0.7602,-0.8582,-0.2053,0.0000,258
05131500,0.1094,-0.0155,0.7592,0.4171,164
05291000,0.1295,0.1037,0.5360,0.5909,258
05362000,0.7545,0.7255,0.8782,0.8107,257
05393500,0.7219,0.7731,0.8538,0.8701,258
05399500,0.7274,0.8479,0.8625,0.9360,256
05408000,0.8240,0.7599,0.9209,0.9473,257
05412500,0.5777,0.3986,0.9180,0.6417,258
05413500,0.6562,0.7984,0.8869,0.8358,228
05414000,0.3522,0.4003,0.9000,0.6224,224
05444000,-0.4529,0.3637,0.5464,0.7669,256
05454000,0.8033,0.7710,0.9016,0.8160,258
05458000,0.5701,0.6153,0.7629,0.8324,258
05466500,0.8175,0.7244,0.9236,1.0023,256
05487980,0.6077,0.6764,0.7798,0.9514,258
05488200,0.6809,0.7405,0.8269,0.8682,248
05489000,0.7629,0.6153,0.9052,0.8186,258
05495000,0.6442,0.6514,0.8139,1.2726,256
05495500,0.7402,0.7478,0.8618,0.8716,252
05501000,0.8246,0.6020,0.9532,0.7852,256
05503800,0.7216,0.7024,0.8573,0.9593,258
05507600,0.6291,0.8043,0.8148,0.9367,258
05508805,0.5485,0.5991,0.8310,1.3128,256
05514500,0.7156,0.8200,0.8479,1.0169,255
05525500,0.5937,0.7248,0.8135,1.1935,258
05556500,0.4998,0.3835,0.7622,0.5824,258
05584500,0.8666,0.8677,0.9318,0.9453,258
05585000,0.8090,0.7354,0.9103,0.8473,258
05591550,0.8204,0.8335,0.9065,1.0778,256
05592050,0.7238,0.6282,0.8748,0.8588,222
05592575,0.4321,0.7224,0.7293,1.0425,256
05593575,0.3791,0.3272,0.7652,1.5994,258
05593900,0.6642,0.7373,0.8600,1.1803,258
05595730,0.4402,0.4925,0.7933,1.4111,258
06037500,-2.1105,0.4254,0.8687,1.2926,258
06043500,0.5136,0.4536,0.9654,1.3005,258
06154410,0.7126,0.5409,0.9096,0.7603,258
06188000,0.8830,0.9199,0.9450,0.9556,258
06191500,0.7593,0.7040,0.9410,1.0993,258
06221400,0.8042,0.8484,0.9188,1.0802,258
06224000,0.7196,0.8473,0.8564,1.0395,258
06289000,0.2863,0.5676,0.6476,0.8290,258
06332515,0.0001,-0.1951,0.3592,0.8419,156
06339100,-0.1010,0.3143,0.4361,1.3869,194
06339500,0.0150,0.0453,0.7442,0.3045,188
06344600,-2.9335,-1.9757,0.2121,3.8686,197
06350000,-3.5225,-0.6092,0.2862,2.1059,258
06352000,-0.0346,-0.1118,0.5363,1.4151,257
06353000,0.0108,-0.0946,0.5352,0.8687,256
06354000,0.3619,0.3090,0.7569,0.5329,191
06360500,0.1564,0.1631,0.5509,1.5688,159
06404000,-43.6144,-4.8643,0.2116,2.3746,225
06406000,-169.7636,-3.8905,0.8760,5.8294,200
06408700,-1035.0145,-3.3558,0.4379,1.5020,258
06409000,-1.0990,0.6537,0.8790,1.2484,213
06431500,-0.7486,0.5261,0.5358,1.0946,247
06440200,0.1679,0.0358,0.4599,0.3281,180
06441500,-0.4413,-1.1585,0.1039,2.7542,197
06447000,0.4467,0.3388,0.7256,0.7360,180
06447500,-0.0518,-0.0775,0.4668,0.7254,258
06450500,0.1751,0.1595,0.5335,1.1077,228
06452000,0.0073,-0.3011,0.1296,1.0216,195
06453600,0.0049,0.0363,0.5490,1.6773,255
06464500,-0.0324,0.4428,0.7690,1.2332,195
06477500,-247.3187,-16.3399,0.3298,11.5060,257
06479215,0.2564,0.5759,0.5924,0.9419,258
06479438,0.5567,0.3020,0.8053,0.4355,258
06601000,-1.7818,-0.4800,0.8782,1.0974,258
06614800,0.7914,0.6496,0.9362,1.3159,258
06622700,-0.2403,0.1813,0.7692,1.5815,258
06623800,0.8330,0.9079,0.9184,0.9597,258
06632400,-0.2824,0.3445,0.4784,1.3698,258
06784000,-0.6406,0.4283,0.6160,1.3497,258
06803510,0.2432,0.1648,0.5223,0.7523,258
06803530,0.5301,0.4176,0.7935,0.8189,258
06814000,0.8072,0.7097,0.9008,0.7484,258
06846500,-0.0089,-0.4648,-0.0430,1.4076,258
06847900,-0.0150,-0.2956,0.0934,1.3510,258
06853800,0.4871,0.3191,0.8318,1.2349,258
06876700,0.3675,0.4907,0.8556,1.1773,258
06878000,0.8274,0.8881,0.9112,0.9424,258
06879650,0.1830,0.1637,0.4413,0.6777,257
06885500,0.8313,0.6805,0.9257,0.7762,258
06888500,0.4589,0.2362,0.8067,0.5934,258
06889200,0.7260,0.5654,0.8806,0.7419,258
06889500,0.3782,0.4485,0.6154,0.9143,258
06892000,0.7101,0.6349,0.8570,0.8179,258
06903400,0.5351,0.1284,0.9233,0.3788,258
06906800,0.8478,0.8725,0.9210,0.9783,258
06910800,0.7138,0.6194,0.8628,0.8143,258
06911900,0.8020,0.8257,0.8959,0.9251,258
06917000,0.7609,0.7326,0.8756,0.8394,258
06918460,0.8247,0.7539,0.9181,1.2051,258
06919500,0.7352,0.7775,0.8616,0.8498,258
06921070,0.7490,0.6481,0.9323,1.2172,258
06921200,0.6733,0.5417,0.8320,0.6433,258
06934000,0.7022,0.8052,0.8511,0.8811,257
07014500,0.5041,0.3430,0.8536,0.8091,258
07056000,0.7032,0.7923,0.8408,0.9254,256
07057500,0.4999,0.5478,0.7211,0.8920,258
07060710,-0.0006,-0.3757,0.0589,1.1131,258
07066000,0.3783,0.3143,0.7164,0.7925,258
07067000,0.3941,0.3971,0.9164,0.5692,258
07068000,0.3827,0.3876,0.8305,0.7550,257
07071500,0.0506,0.4287,0.6174,0.7885,258
07083000,-1.4827,-0.3615,0.8854,1.7393,258
07142300,-7.9636,-5.2044,0.0354,7.0585,258
07145700,0.9248,0.9192,0.9617,0.9450,256
07148400,-0.3880,0.1710,0.8571,1.5297,258
07149000,0.3081,0.3853,0.9071,1.5678,258
07151500,0.7913,0.8051,0.8906,0.9401,258
07167500,0.8757,-0.0782,0.9751,2.0626,258
07180500,0.1746,0.3087,0.4523,0.8248,258
07184000,0.6488,0.6669,0.8073,0.7921,256
07195800,-0.0703,0.4580,0.6947,1.1065,258
07196900,0.5588,0.4872,0.7906,1.0402,257
07197000,0.6978,0.7785,0.8369,1.0682,258
07208500,-0.0671,0.4721,0.6913,1.0320,258
07226500,-0.1148,-0.1985,0.0270,0.7057,256
07261000,0.4199,0.3812,0.6755,1.3956,256
07263295,0.1737,-0.8400,0.6201,2.6994,256
07290650,0.5315,0.4320,0.7750,0.6664,258
07291000,0.5767,0.3696,0.8320,0.4679,258
07292500,0.5654,0.3919,0.8751,0.7870,258
07295000,0.6614,0.6135,0.8253,0.8297,258
07299670,0.3511,0.0545,0.6362,1.7375,248
07301410,0.4249,0.2806,0.8407,1.6990,247
07301500,-0.2099,-0.5726,0.0912,1.8492,217
07315200,-0.4134,-0.1186,0.4376,1.9489,161
07315700,0.2092,0.2912,0.7876,1.5335,227
07335700,0.5080,0.3170,0.7818,0.5697,249
07340300,0.6272,0.6150,0.8029,0.8058,258
07346045,-0.2474,-0.0752,0.6948,0.3670,258
07359610,0.4714,0.1822,0.8526,1.7978,258
07362100,0.3631,0.2530,0.7518,1.6930,258
07362587,-0.1820,-0.2966,0.5800,2.2079,258
07373000,0.1563,0.1294,0.5035,0.5795,255
07375000,0.7173,0.5733,0.8629,0.6710,258
07376000,0.8794,0.7828,0.9468,0.8386,258
08013000,0.6201,0.4528,0.8667,0.7521,258
08014500,0.5198,0.3516,0.8331,0.6620,258
08023080,-0.0493,-0.3822,0.2871,2.0945,258
08025500,-0.1319,0.0014,0.9045,1.4821,258
08029500,0.1185,0.4766,0.6933,1.3377,258
08050800,0.2866,0.2153,0.5771,0.8114,257
08066200,0.3973,0.4888,0.6325,0.8509,258
08066300,0.8657,0.6933,0.9330,0.7143,258
08070000,-0.1873,0.0586,0.8858,1.3895,258
08070200,0.2953,0.6686,0.6871,0.9795,258
08079600,-10.9190,-4.5557,0.1602,5.9675,213
08082700,0.1047,0.0234,0.3246,0.8142,244
08086212,0.4720,0.2246,0.9318,1.3325,258
08086290,0.5786,-0.4206,0.7701,2.3729,258
08101000,-0.6812,0.0573,0.6173,1.6046,258
08103900,0.3863,0.6027,0.6458,0.9833,258
08104900,0.5168,0.7037,0.7866,0.8202,258
08109700,-0.0647,0.1015,0.6844,1.7456,237
08150800,0.8004,0.6171,0.9306,1.1905,258
08155200,0.5416,-0.7374,0.9142,2.7310,258
08158700,-3.5938,-8.1467,0.5481,10.0785,258
08158810,0.5791,0.4862,0.8103,1.1049,258
08164000,0.3075,0.3702,0.7379,1.5353,258
08164300,0.4811,0.4802,0.7067,0.9796,255
08164600,-3.2529,-3.5126,0.7330,5.2288,258
08165300,0.1013,0.3523,0.6722,1.4960,258
08171300,-56.6046,-37.1564,0.7689,38.6172,258
08175000,0.5068,0.4614,0.7561,0.5216,258
08176900,-17.5135,-6.3971,0.3139,7.5902,258
08178880,0.7656,0.5405,0.8896,0.5540,258
08189500,-0.5142,0.0025,0.6540,1.7149,258
08190000,0.8755,0.5735,0.9386,1.4123,258
08190500,0.6834,-0.2000,0.9557,2.1685,252
08194200,-0.6440,-1.0199,0.9064,2.7034,258
08195000,0.5375,0.3072,0.9013,1.5436,258
08196000,0.2533,0.2404,0.5964,1.6281,246
08198500,-1.3702,-1.1640,0.9768,2.5683,258
08200000,0.6354,0.4249,0.8335,0.6127,258
08202700,-0.6078,-0.2024,0.5863,1.9823,257
08267500,-21.4975,-2.2819,0.6983,2.5779,258
08269000,-3.3875,-0.3951,0.6956,1.6432,258
08271000,-44.2324,-4.0895,0.7751,2.5106,258
08324000,0.0495,0.5102,0.7247,1.1245,258
08377900,0.3009,0.3323,0.5503,1.0074,258
08378500,-0.5680,0.2938,0.3126,1.1140,247
08380500,0.4590,0.3419,0.7574,1.2281,258
09034900,0.2126,0.2725,0.8731,1.5235,254
09035900,0.5815,0.7582,0.8347,1.0692,224
09047700,-3.4407,-0.7739,0.8961,1.3627,256
09065500,0.7670,0.6959,0.9426,1.1047,258
09066000,-0.8033,0.2079,0.6034,1.1120,258
09066200,0.7336,0.6689,0.9286,1.1998,258
09066300,-0.2656,0.0188,0.8153,1.7672,258
09081600,0.1150,0.5924,0.6157,1.0461,258
09107000,-1.1002,0.0145,0.7033,1.2215,257
09210500,-1.3269,0.0576,0.7443,1.4921,231
09223000,-2.3248,-0.5360,0.8938,1.9626,197
09306242,-328.8226,-4.3082,0.9147,6.1732,256
09312600,-2.0181,-0.4628,0.4418,2.1997,258
09352900,0.1930,0.4260,0.4964,1.0306,228
09378170,0.2605,0.2868,0.5407,1.3031,258
09378630,,,,,258
09386900,-0.9227,-0.0878,-0.0093,1.3997,258
09404450,0.7239,0.7746,0.8694,0.9118,258
09430500,-0.0538,0.2309,0.7523,0.3252,258
09430600,0.0016,-0.5103,0.0937,0.2182,258
09447800,-0.1050,-0.7214,-0.4157,1.2849,257
09480000,-0.9453,-5.1466,-0.0049,7.0602,258
09484000,-0.1297,-0.2792,0.3342,2.0664,222
09484600,-0.8865,-1.7489,0.5008,3.6686,257
09492400,0.3821,0.4313,0.7033,1.3744,257
09494000,-0.0224,-0.2807,0.0661,0.6886,258
09497800,-0.0430,-0.5666,-0.2456,1.1914,258
09497980,-0.2699,-0.1099,0.0640,0.6098,258
09505200,0.6065,0.7181,0.7862,1.1365,258
09505350,0.6487,0.4289,0.8150,1.5278,258
09505800,0.2888,0.6090,0.7243,1.1922,258
09508300,-2.3374,-0.2362,0.3659,1.5104,258
09510200,-0.0345,-0.4044,-0.0278,0.5552,239
09512280,-0.1478,-0.2841,-0.0009,1.5091,258
09513780,-0.0833,-0.8262,0.1399,2.4953,257
10023000,-14.3215,-0.6410,0.1438,2.2627,258
10166430,-12299.2150,-90.8479,0.5934,73.6592,258
10172700,-28.8666,-0.3747,0.6216,1.9865,258
10172800,-9.5409,-0.9186,0.8149,2.3289,258
10173450,-0.3412,0.4110,0.4334,0.9910,258
10205030,-184.5579,-9.8188,-0.0002,2.2549,258
10234500,-0.0729,-0.2933,-0.0210,0.8278,254
10242000,-29.1358,-3.6432,0.4136,4.3298,258
10244950,-31.5882,-1.4859,0.7551,1.5444,258
10249300,-41.0152,-4.5020,0.5435,4.3506,257
10258000,,,,,86
10258500,0.0096,-0.4041,0.1614,0.3502,258
10259000,0.8344,0.7395,0.9362,1.0688,258
10259200,-5.1473,-4.8455,0.7200,6.5443,258
10263500,-0.4028,0.1283,0.8340,1.2482,258
10310500,-1.2453,0.1913,0.9009,1.7658,258
10316500,-0.2666,0.3486,0.6916,1.2391,258
10329500,-0.3374,0.0503,0.9023,1.2802,258
10336645,0.5752,0.7117,0.7720,1.1309,244
10336660,0.5908,0.7625,0.7813,1.0417,258
10343500,0.6177,0.4785,0.8790,0.7736,258
10348850,-1.7460,0.0098,0.8614,1.7739,258
10396000,-0.3017,0.3520,0.7276,1.2518,258
11098000,-0.2239,-0.0238,0.8560,1.6488,258
11124500,-3.5156,-1.3169,0.9822,2.5356,258
11141280,0.5657,0.6490,0.8527,1.2128,258
11143000,0.6735,0.5120,0.9236,1.3900,258
11148900,0.7454,0.4080,0.9508,0.6037,258
11151300,0.9159,0.5300,0.9755,1.4207,258
11162500,0.8363,0.5837,0.9651,0.7343,258
11176400,0.4921,0.2007,0.8605,0.5150,144
11180500,-0.2744,-0.2231,0.8068,1.9456,255
11180960,-0.8179,-0.6675,0.6055,2.5128,258
11224500,0.0889,-0.2937,0.3953,0.2138,258
11253310,0.3203,0.4572,0.6100,0.6669,258
11264500,-0.3482,0.2732,0.2803,0.9275,258
11266500,-0.2050,0.3879,0.3903,1.0521,258
11274500,0.9443,0.8227,0.9816,1.0817,258
11274630,0.8519,0.7894,0.9310,1.0590,258
11284400,-0.0212,-0.4438,0.3016,0.1514,258
11299600,0.3392,0.1507,0.6654,0.5586,255
11381500,0.7729,0.6923,0.8996,1.0473,258
11383500,0.8513,0.7820,0.9322,1.1301,258
11451100,0.6385,0.6989,0.7995,1.0120,106
11468500,0.4779,0.3446,0.8113,0.8589,258
11473900,0.5880,0.4649,0.8455,0.9563,258
11475560,-0.0021,0.1604,0.8637,1.4132,258
11476600,0.7642,0.7743,0.8758,1.1304,257
11478500,0.5968,0.5036,0.8039,1.4559,258
11480390,0.6193,0.5049,0.8505,0.9999,258
11481200,0.5312,0.5976,0.8155,1.3182,258
11482500,0.2299,0.0743,0.9242,1.6571,257
11522500,0.3905,0.4294,0.7851,1.5122,258
11523200,-0.3009,0.0278,0.7740,1.8160,258
11528700,0.6731,0.5862,0.8491,1.1339,258
11532500,0.6495,0.4687,0.9424,1.3351,258
12010000,0.8308,0.7869,0.9475,0.9956,258
12013500,0.8680,0.8205,0.9538,1.0857,258
12020000,0.7740,0.6523,0.8988,0.6981,258
12025000,0.8179,0.6885,0.9574,1.1793,258
12025700,0.8356,0.7899,0.9218,0.8433,258
12035000,0.7871,0.8159,0.9196,1.0518,258
12040500,0.7152,0.7641,0.8980,1.0942,258
12041200,0.0372,0.2600,0.8761,1.1559,258
12043000,0.7551,0.7735,0.9155,1.0702,258
12048000,0.6217,0.7606,0.8558,1.1907,258
12054000,0.1082,0.3117,0.8805,1.4168,258
12056500,0.2726,0.3707,0.8940,1.0630,258
12073500,0.6999,0.8350,0.8717,1.0944,258
12082500,0.5422,0.4939,0.7680,1.0135,252
12092000,0.3829,0.4670,0.6189,1.0064,258
12095000,0.7638,0.6495,0.9047,0.8799,258
12114500,0.8008,0.7040,0.9138,1.1799,258
12115000,0.7917,0.7276,0.9032,1.1526,258
12115500,0.7570,0.7446,0.8753,1.0702,258
12117000,0.7471,0.8392,0.8819,1.1073,258
12141300,0.6019,0.6213,0.8077,1.3115,258
12143600,0.7096,0.6029,0.8670,1.3357,255
12144000,0.7738,0.8060,0.8861,1.1158,257
12145500,0.7467,0.7469,0.9158,1.1116,258
12147600,0.5566,0.6124,0.8139,1.3272,258
12167000,0.6931,0.5904,0.9091,1.3553,258
12175500,0.1962,0.6234,0.6738,1.1114,258
12186000,0.5401,0.6349,0.8192,1.3106,257
12189500,0.4588,0.5771,0.8331,1.3599,257
12358500,0.6536,0.7958,0.8546,1.0871,258
12377150,0.5758,0.7885,0.7886,1.0053,258
12381400,0.3691,0.4923,0.8723,1.2272,225
12390700,0.4587,0.6630,0.7232,1.1671,258
12411000,0.8088,0.7590,0.9172,1.2177,246
12414500,0.7030,0.7187,0.8480,0.9040,258
12447390,-0.1618,-0.2286,0.2647,0.3524,258
12451000,0.5037,0.6870,0.8161,1.2123,258
12488500,0.6498,0.7523,0.8326,1.1646,258
13011500,0.7523,0.6347,0.9413,1.2774,258
13011900,0.7984,0.8203,0.9246,0.9605,258
13018300,-0.4397,-0.0059,0.9303,1.4423,258
13023000,0.5838,0.7792,0.8314,0.8934,216
13161500,0.7477,0.6900,0.8949,0.7819,258
13235000,0.6036,0.6822,0.7904,0.8941,256
13240000,0.8240,0.8777,0.9078,1.0030,179
13310700,0.6145,0.5052,0.9071,0.6716,258
13313000,0.7095,0.4855,0.9612,0.6436,258
13331500,0.5258,0.5502,0.9043,1.2162,258
13337000,0.6862,0.7100,0.8526,0.8379,252
13338500,0.8131,0.8639,0.9188,1.0875,258
13340000,0.5267,0.6435,0.7647,0.8070,258
13340600,0.6262,0.6265,0.8767,0.7178,258
14020000,0.5453,0.3552,0.8845,0.7239,258
14092750,0.7781,0.6469,0.9317,0.8889,258
14096850,-1.1295,0.3555,0.9411,0.4085,258
14137000,0.7540,0.6518,0.8984,1.0587,253
14138800,0.7035,0.7414,0.8399,1.0767,258
14138870,0.7872,0.8897,0.8986,0.9845,258
14138900,0.5178,0.6256,0.7212,1.0562,258
14139800,0.7843,0.8635,0.8865,0.9827,256
14141500,0.8023,0.7860,0.9000,0.9412,258
14154500,0.8737,0.7452,0.9550,1.0916,258
14158500,0.7836,0.7204,0.9199,1.0886,243
14158790,0.7885,0.7643,0.8946,1.1746,254
14166500,0.5959,0.5338,0.8035,0.9278,258
14182500,0.6909,0.5382,0.8896,0.8148,258
14185000,0.7683,0.6862,0.8979,0.9844,258
14185900,0.7315,0.7420,0.8585,1.0605,255
14187000,0.7428,0.7084,0.8718,1.0759,256
14216500,0.8955,0.8256,0.9543,1.0363,255
14222500,0.8657,0.6452,0.9721,1.2887,255
14236200,0.8868,0.8922,0.9426,0.9387,257
14301000,0.9010,0.7673,0.9751,1.1367,257
14303200,0.9277,0.8307,0.9682,1.1661,258
14305500,0.7061,0.5589,0.9348,1.3084,256
14306340,0.7009,0.5583,0.8861,0.8122,258
14306500,0.8404,0.7297,0.9381,0.9436,258
14308990,0.6776,0.5305,0.8936,0.9355,258
14309500,0.8175,0.8641,0.9108,1.1013,258
14316700,0.7531,0.6360,0.9044,1.0351,258
14325000,0.8506,0.8855,0.9278,1.0861,258
14362250,0.3130,0.1253,0.8160,0.5022,148
14400000,0.8367,0.8863,0.9175,1.0758,258
