gauge_id,name,lat,lon,state,huc02,area_km2,area_gagesii_km2,region
01013500,"Fish River near Fort Kent, Maine",47.237394,-68.582642,ME,01,2260.093018,2252.696000,Northeast
01022500,"Narraguagus River at Cherryfield, Maine",44.607972,-67.935242,ME,01,587.675964,573.600600,Northeast
01030500,"Mattawamkeag River near Mattawamkeag, Maine",45.500975,-68.305956,ME,01,3671.033203,3676.172000,Northeast
01031500,"Piscataquis River near Dover-Foxcroft, Maine",45.175008,-69.314697,ME,01,771.486511,769.048200,Northeast
01047000,"Carrabassett River near North Anson, Maine",44.869200,-69.955103,ME,01,913.875000,909.097200,Northeast
01052500,"Diamond River near Wentworth Location, NH",44.877394,-71.057494,NH,01,393.509918,383.823400,Northeast
01054200,"Wild River at Gilead, Maine",44.390444,-70.979644,ME,01,180.186111,180.981000,Northeast
01055000,"Swift River near Roxbury, Maine",44.642747,-70.588783,ME,01,250.862564,250.641000,Northeast
01057000,"Little Androscoggin River near South Paris, Maine",44.303992,-70.539681,ME,01,190.282761,190.918800,Northeast
01073000,"OYSTER RIVER NEAR DURHAM, NH",43.148696,-70.965060,NH,01,31.325460,31.298400,Northeast
01078000,"SMITH RIVER NEAR BRISTOL, NH",43.566463,-71.747857,NH,01,222.125992,222.456600,Northeast
01118300,"PENDLETON HILL BROOK NEAR CLARKS FALLS, CT.",41.474821,-71.834237,CT,01,10.407302,10.364400,Northeast
01121000,"MOUNT HOPE RIVER NEAR WARRENVILLE, CT.",41.843709,-72.168966,CT,01,74.042000,70.253720,Northeast
01123000,"LITTLE RIVER NEAR HANOVER, CT.",41.671765,-72.052298,CT,01,77.666428,77.852710,Northeast
01134500,"MOOSE RIVER AT VICTORY, VT",44.511723,-71.837314,VT,01,194.683853,195.129900,Northeast
01137500,"AMMONOOSUC RIVER AT BETHLEHEM JUNCTION, NH",44.268674,-71.630362,NH,01,226.785980,228.554300,Northeast
01139000,"WELLS RIVER AT WELLS RIVER, VT",44.150341,-72.065092,VT,01,254.745895,246.333300,Northeast
01139800,"EAST ORANGE BRANCH AT EAST ORANGE, VT",44.092842,-72.335653,VT,01,23.170485,22.799700,Northeast
01142500,"AYERS BROOK AT RANDOLPH, VT",43.934510,-72.657882,VT,01,78.960869,82.166680,Northeast
01144000,"WHITE RIVER AT WEST HARTFORD, VT",43.714236,-72.418149,VT,01,1786.327881,1790.244000,Northeast
01169000,"NORTH RIVER AT SHATTUCKVILLE, MA",42.638418,-72.725092,MA,01,230.410416,230.641200,Northeast
01170100,"GREEN RIVER NEAR COLRAIN, MA",42.703417,-72.670648,MA,01,107.179672,106.992400,Northeast
01181000,"WEST BRANCH WESTFIELD RIVER AT HUNTINGTON, MA",42.237312,-72.895654,MA,01,243.354813,243.495000,Northeast
01187300,"HUBBARD RIVER NR. WEST HARTLAND, CT.",42.037316,-72.938991,MA,01,51.518730,53.919000,Northeast
01195100,"INDIAN RIVER NEAR CLINTON, CT.",41.305932,-72.531201,CT,01,14.704844,14.838300,Northeast
01333000,"GREEN RIVER AT WILLIAMSTOWN, MA",42.708969,-73.196773,MA,02,110.286331,112.164300,Northeast
01350000,SCHOHARIE CREEK AT PRATTSVILLE NY,42.319528,-74.436537,NY,02,613.564819,612.514800,Northeast
01350080,MANOR KILL AT WEST CONESVILLE NEAR GILBOA NY,42.377026,-74.412924,NY,02,83.879745,83.840400,Northeast
01350140,MINE KILL NEAR NORTH BLENHEIM NY,42.428968,-74.472925,NY,02,41.939873,43.759800,Northeast
01365000,RONDOUT CREEK NEAR LOWES CORNERS NY,41.866482,-74.487100,NY,02,99.154144,99.568800,Northeast
01411300,TUCKAHOE RIVER AT HEAD OF RIVER NJ,39.306944,-74.820556,NJ,02,79.737534,79.317900,Northeast
01413500,EAST BR DELAWARE R AT MARGARETVILLE NY,42.144810,-74.653489,NY,02,421.987610,424.102500,Northeast
01414500,MILL BROOK NEAR DUNRAVEN NY,42.106199,-74.730435,NY,02,65.239799,64.451700,Northeast
01415000,TREMPER KILL NEAR ANDES NY,42.120087,-74.818493,NY,02,85.950851,85.628700,Northeast
01423000,WEST BRANCH DELAWARE RIVER AT WALTON NY,42.166196,-75.139891,NY,02,859.508484,859.680900,Northeast
01434025,BISCUIT BK ABOVE PIGEON BK AT FROST VALLEY NY,41.995370,-74.500987,NY,02,9.630637,9.700200,Northeast
01435000,NEVERSINK RIVER NEAR CLARYVILLE NY,41.890092,-74.589879,NY,02,172.419479,172.458000,Northeast
01439500,"Bush Kill at Shoemakers, PA",41.088151,-75.037675,PA,02,302.899078,305.877600,Northeast
01440000,FLAT BROOK NEAR FLATBROOKVILLE NJ,41.106667,-74.952222,NJ,02,165.688385,167.720400,Northeast
01440400,"Brodhead Creek near Analomink, PA",41.084815,-75.214625,PA,02,170.607254,175.208400,Northeast
01451800,"Jordan Creek near Schnecksville, PA",40.661762,-75.626854,PA,02,137.210693,135.844800,Northeast
01466500,MCDONALDS BRANCH IN LEBANON STATE FOREST NJ,39.885000,-74.505278,NJ,02,6.083870,5.376711,Northeast
01484100,"BEAVERDAM BRANCH AT HOUSTON, DE",38.905778,-75.512750,DE,02,7.818421,9.004751,Northeast
01485500,"NASSAWANGO CREEK NEAR SNOW HILL, MD",38.228917,-75.471444,MD,02,116.240761,141.539400,Northeast
01486000,"MANOKIN BRANCH NEAR PRINCESS ANNE, MD",38.213889,-75.671389,MD,02,12.426629,11.180700,Northeast
01487000,"NANTICOKE RIVER NEAR BRIDGEVILLE, DE",38.728333,-75.561861,DE,02,195.201630,187.410200,Northeast
01491000,"CHOPTANK RIVER NEAR GREENSBORO, MD",38.997194,-75.785806,MD,02,292.543549,292.040100,Northeast
01510000,OTSELIC RIVER AT CINCINNATUS NY,42.541181,-75.899642,NY,02,380.565521,382.986000,Northeast
01516500,"Corey Creek near Mainesburg, PA",41.790907,-77.014688,PA,02,31.584349,31.483800,Northeast
01518862,"Cowanesque River at Westfield, PA",41.923126,-77.531930,PA,02,234.552612,233.910900,Northeast
01532000,"Towanda Creek near Monroeton, PA",41.707020,-76.484665,PA,02,556.609436,553.941000,Northeast
01539000,"Fishing Creek near Bloomsburg, PA",41.078141,-76.431056,PA,02,709.353394,701.779500,Northeast
01542810,"Waldy Run near Emporium, PA",41.578952,-78.292512,PA,02,13.565736,13.624200,Northeast
01543000,"Driftwood Br Sinnemahoning Cr at Sterling Run, PA",41.413396,-78.196952,PA,02,704.175659,705.497400,Northeast
01543500,"Sinnemahoning Creek at Sinnemahoning, PA",41.317285,-78.103060,PA,02,1773.383545,1778.258000,Northeast
01544500,"Kettle Creek at Cross Fork, PA",41.475899,-77.825825,PA,02,352.087830,355.064400,Northeast
01545600,"Young Womans Creek near Renovo, PA",41.389512,-77.690819,PA,02,119.606300,119.997500,Northeast
01547700,"Marsh Creek at Blanchard, PA",41.059509,-77.605826,PA,02,114.169655,113.538600,Northeast
01548500,"Pine Creek at Cedar Run, PA",41.521736,-77.447480,PA,02,1563.684082,1557.047000,Northeast
01549500,"Blockhouse Creek near English Center, PA",41.473683,-77.230809,PA,02,97.600815,97.485300,Northeast
01550000,"Lycoming Creek near Trout Run, PA",41.418410,-77.032746,PA,02,447.876404,452.675700,Northeast
01552000,"Loyalsock Creek at Loyalsockville, PA",41.325078,-76.912464,PA,02,1126.163208,1129.486000,Northeast
01552500,"Muncy Creek near Sonestown, PA",41.357024,-76.534671,PA,02,61.615368,60.638400,Northeast
01557500,"Bald Eagle Creek at Tyrone, PA",40.683673,-78.233624,PA,02,114.169655,115.296300,Northeast
01567500,"Bixler Run near Loysville, PA",40.370916,-77.402209,PA,02,38.833214,38.772900,Northeast
01568000,"Sherman Creek at Shermans Dale, PA",40.323419,-77.168870,PA,02,535.898376,534.394800,Northeast
01580000,"DEER CREEK AT ROCKS, MD",39.629972,-76.403306,MD,02,244.390366,244.369800,Northeast
01583500,"WESTERN RUN AT WESTERN RUN, MD",39.510778,-76.676500,MD,02,154.815079,155.849400,Northeast
01586610,"MORGAN RUN NEAR LOUISVILLE, MD",39.451889,-76.955306,MD,02,72.488670,72.704700,Northeast
01591400,"CATTAIL CREEK NEAR GLENWOOD, MD",39.255972,-77.051056,MD,02,59.285374,59.094000,Northeast
01594950,"MCMILLAN F NEAR FORT PENDLETON, MD",39.276690,-79.390310,MD,02,5.954426,6.118200,Northeast
01596500,"SAVAGE RIVER NEAR BARTON, MD",39.570056,-79.101944,MD,02,127.114059,124.650500,Northeast
01605500,"SOUTH BRANCH POTOMAC RIVER AT FRANKLIN, WV",38.635672,-79.337820,WV,02,463.409698,463.849200,Ohio Valley
01606500,"SO. BRANCH POTOMAC RIVER NR PETERSBURG, WV",38.991221,-79.175871,WV,02,1685.361572,1684.547000,Ohio Valley
01613050,"Tonoloway Creek near Needmore, PA",39.898421,-78.132229,PA,02,27.701027,27.898200,Northeast
01620500,"NORTH RIVER NEAR STOKESVILLE, VA",38.337626,-79.240036,VA,02,44.787640,44.740260,Southeast
01632000,"N F SHENANDOAH RIVER AT COOTES STORE, VA",38.637063,-78.852803,VA,02,543.665039,543.357000,Southeast
01632900,"SMITH CREEK NEAR NEW MARKET, VA",38.693450,-78.642794,VA,02,242.319260,245.048400,Southeast
01634500,"CEDAR CREEK NEAR WINCHESTER, VA",39.081218,-78.329449,VA,02,264.065857,263.981700,Southeast
01638480,"CATOCTIN CREEK AT TAYLORSTOWN, VA",39.254547,-77.576378,VA,02,231.704849,231.995100,Southeast
01639500,"BIG PIPE CREEK AT BRUCEVILLE, MD",39.612361,-77.237444,MD,02,264.065857,267.178500,Northeast
01644000,"GOOSE CREEK NEAR LEESBURG, VA",39.019553,-77.577492,VA,02,859.508484,859.169800,Southeast
01658500,"S F QUANTICO CREEK NEAR INDEPENDENT HILL, VA",38.587343,-77.428596,VA,02,19.727274,19.342240,Southeast
01664000,"RAPPAHANNOCK RIVER AT REMINGTON, VA",38.530680,-77.813605,VA,02,1602.517334,1605.101000,Southeast
01666500,"ROBINSON RIVER NEAR LOCUST DALE, VA",38.325130,-78.095556,VA,02,463.409698,463.146300,Southeast
01667500,"RAPIDAN RIVER NEAR CULPEPER, VA",38.350408,-77.974997,VA,02,1211.596313,1209.747000,Southeast
01669000,"PISCATAWAY CREEK NEAR TAPPAHANNOCK, VA",37.877082,-76.900521,VA,02,72.229782,71.840710,Southeast
01669520,"DRAGON SWAMP AT MASCOT, VA",37.633753,-76.696347,VA,02,282.188019,277.385400,Southeast
02011400,"JACKSON RIVER NEAR BACOVA, VA",38.042347,-79.881444,VA,02,406.454315,407.716200,Southeast
02011460,"BACK CREEK NEAR SUNRISE, VA",38.245401,-79.768663,VA,02,157.662857,156.340800,Southeast
02013000,"DUNLAP CREEK NEAR COVINGTON, VA",37.802902,-80.047004,VA,02,419.398712,424.776600,Southeast
02014000,"POTTS CREEK NEAR COVINGTON, VA",37.729014,-80.042280,VA,02,396.098785,396.783000,Southeast
02015700,"BULLPASTURE RIVER AT WILLIAMSVILLE, VA",38.195403,-79.570323,VA,02,284.776917,285.406200,Southeast
02016000,"COWPASTURE RIVER NEAR CLIFTON FORGE, VA",37.791796,-79.759492,VA,02,1193.474121,1194.551000,Southeast
02017500,"JOHNS CREEK AT NEW CASTLE, VA",37.506240,-80.106715,VA,02,271.832520,276.149700,Southeast
02018000,"CRAIG CREEK AT PARR, VA",37.665962,-79.911439,VA,02,851.741821,852.343100,Southeast
02027000,"TYE RIVER NEAR LOVINGSTON, VA",37.715419,-78.981691,VA,02,240.765930,240.767100,Southeast
02027500,"PINEY RIVER AT PINEY RIVER, VA",37.702363,-79.027525,VA,02,123.489624,123.342300,Southeast
02028500,"ROCKFISH RIVER NEAR GREENFIELD, VA",37.869585,-78.823354,VA,02,245.425919,245.453400,Southeast
02038850,"HOLIDAY CREEK NEAR ANDERSONVILLE, VA",37.415424,-78.635839,VA,02,22.109043,22.003590,Southeast
02046000,"STONY CREEK NEAR DINWIDDIE, VA",37.067094,-77.602489,VA,03,292.543549,288.523800,Southeast
02051000,"NORTH MEHERRIN RIVER NEAR LUNENBURG, VA",36.997374,-78.349718,VA,03,144.977341,144.822700,Southeast
02051500,"MEHERRIN RIVER NEAR LAWRENCEVILLE, VA",36.716814,-77.831658,VA,03,1429.062256,1428.706000,Southeast
02053200,"POTECASI CREEK NEAR UNION, NC",36.370833,-77.025556,NC,03,582.498230,583.659900,Southeast
02053800,"S F ROANOKE RIVER NEAR SHAWSVILLE, VA",37.140132,-80.266433,VA,03,282.188019,280.722600,Southeast
02055100,"TINKER CREEK NEAR DALEVILLE, VA",37.417633,-79.935319,VA,03,30.289907,30.535200,Southeast
02056900,"BLACKWATER RIVER NEAR ROCKY MOUNT, VA",37.045141,-79.844199,VA,03,297.721313,298.107900,Southeast
02059500,"GOOSE CREEK NEAR HUDDLESTON, VA",37.173200,-79.520308,VA,03,486.709625,485.407800,Southeast
02064000,"FALLING RIVER NEAR NARUNA, VA",37.126810,-78.959737,VA,03,427.165375,427.768200,Southeast
02065500,"CUB CREEK AT PHENIX, VA",37.079311,-78.763618,VA,03,252.674789,252.578700,Southeast
02069700,"SOUTH MAYO RIVER NEAR NETTLERIDGE, VA",36.570971,-80.129493,VA,03,221.349319,221.133600,Southeast
02070000,"NORTH MAYO RIVER NEAR SPENCER, VA",36.568194,-79.987265,VA,03,279.599152,270.608400,Southeast
02074500,"SANDY RIVER NEAR DANVILLE, VA",36.619583,-79.504193,VA,03,287.365784,288.531000,Southeast
02077200,"HYCO CREEK NEAR LEASBURG, NC",36.397778,-79.196667,NC,03,118.829636,121.694400,Southeast
02081500,"TAR RIVER NEAR TAR RIVER, NC",36.194167,-78.583056,NC,03,432.343140,428.366100,Southeast
02082950,"LITTLE FISHING CREEK NEAR WHITE OAK, NC",36.183333,-77.876111,NC,03,458.231934,460.853100,Southeast
02092500,"TRENT RIVER NEAR TRENTON, NC",35.064167,-77.461389,NC,03,434.932007,447.575100,Southeast
02096846,"CANE CREEK NEAR ORANGE GROVE, NC",35.987222,-79.206111,NC,03,19.520163,19.569600,Southeast
02102908,"FLAT CREEK NEAR INVERNESS, NC",35.182778,-79.177500,NC,03,19.753162,19.725300,Southeast
02108000,"NORTHEAST CAPE FEAR RIVER NEAR CHINQUAPIN, NC",34.828889,-77.832222,NC,03,1550.739746,1569.485000,Southeast
02111180,"ELK CREEK AT ELKVILLE, NC",36.071389,-81.403056,NC,03,131.774048,131.466600,Southeast
02111500,"REDDIES RIVER AT NORTH WILKESBORO, NC",36.175000,-81.168889,NC,03,230.928192,233.660700,Southeast
02112120,"ROARING RIVER NEAR ROARING RIVER, NC",36.250278,-81.044444,NC,03,331.376770,322.268400,Southeast
02112360,"MITCHELL RIVER NEAR STATE ROAD, NC",36.311389,-80.807222,NC,03,204.003830,205.296300,Southeast
02118500,"HUNTING CREEK NEAR HARMONY, NC",36.000556,-80.745556,NC,03,401.276550,400.527000,Southeast
02125000,"BIG BEAR CR NR RICHFIELD, NC",35.334722,-80.335556,NC,03,143.941788,144.549900,Southeast
02128000,"LITTLE RIVER NEAR STAR, NC",35.387222,-79.831389,NC,03,274.421387,273.475800,Southeast
02137727,"CATAWBA R NR PLEASANT GARDENS, NC",35.685833,-82.060278,NC,03,326.199005,329.544000,Southeast
02140991,"JOHNS RIVER AT ARNEYS STORE, NC",35.833611,-81.711944,NC,03,520.365051,521.986500,Southeast
02143000,"HENRY FORK NEAR HENRY RIVER, NC",35.684444,-81.403333,NC,03,215.394897,216.672300,Southeast
02143040,"JACOB FORK AT RAMSEY, NC",35.590686,-81.567037,NC,03,66.534241,66.484130,Southeast
02149000,"COVE CREEK NEAR LAKE LURE, NC",35.423454,-82.111498,NC,03,204.521606,203.852700,Southeast
02152100,"FIRST BROAD RIVER NEAR CASAR, NC",35.493056,-81.682222,NC,03,156.627304,154.994400,Southeast
02177000,"CHATTOOGA RIVER NEAR CLAYTON, GA",34.813981,-83.305993,GA,03,535.898376,526.773600,Southeast
02178400,"TALLULAH RIVER NEAR CLAYTON, GA",34.890371,-83.530441,GA,03,146.271774,151.275300,Southeast
02193340,"KETTLE CREEK NEAR WASHINGTON, GA",33.682628,-82.857923,GA,03,87.763069,87.873300,Southeast
02196000,"STEVENS CREEK NEAR MODOC, SC",33.729297,-82.181787,SC,03,1410.940186,1408.382000,Southeast
02198100,"BEAVERDAM CREEK NEAR SARDIS, GA",32.937658,-81.815392,GA,03,79.737534,79.490710,Southeast
02202600,"BLACK CREEK NEAR BLITCHTON, GA",32.167980,-81.488167,GA,03,600.620422,590.472000,Southeast
02212600,"FALLING CREEK NEAR JULIETTE, GA",33.099854,-83.723510,GA,03,186.917206,187.961400,Southeast
02215100,"TUCSAWHATCHEE CREEK NEAR HAWKINSVILLE, GA",32.239444,-83.501667,GA,03,421.987610,420.292300,Southeast
02216180,"TURNPIKE CREEK NEAR MCRAE, GA",31.991389,-82.921944,GA,03,127.372948,129.111000,Southeast
02221525,"MURDER CREEK BELOW EATONTON, GA",33.252355,-83.481276,GA,03,491.887390,490.797600,Southeast
02231000,"ST. MARYS RIVER NR MACCLENNY, FLA.",30.358847,-82.081501,FL,03,1812.216675,1748.368000,Southeast
02231342,"FT DRUM CREEK AT SUNSHINE ST PKY NEAR FT DRUM, FL",27.568647,-80.796171,FL,03,136.175140,111.562200,Southeast
02235200,"BLACKWATER CREEK NEAR CASSIA, FL",28.874531,-81.489383,FL,03,326.199005,297.695600,Southeast
02245500,"SOUTH FORK BLACK CREEK NR PENNEY FARMS, FLA.",29.979408,-81.852043,FL,03,346.910065,348.434500,Southeast
02246000,"NORTH FORK BLACK CREEK NR MIDDLEBURG, FLA.",30.113295,-81.906492,FL,03,458.231934,451.061100,Southeast
02296500,CHARLIE CREEK NEAR GARDNER FL,27.375043,-81.796471,FL,03,854.330750,886.396500,Southeast
02297155,HORSE CREEK NEAR MYAKKA HEAD FL,27.487261,-82.023420,FL,03,108.733002,93.603600,Southeast
02297310,HORSE CREEK NEAR ARCADIA FL,27.199495,-81.988419,FL,03,564.376038,528.376500,Southeast
02298123,PRAIRIE CREEK NEAR FORT OGDEN FL,27.052000,-81.784527,FL,03,603.209290,540.653400,Southeast
02298608,MYAKKA RIVER AT MYAKKA CITY FL,27.343656,-82.156756,FL,03,323.610138,312.342300,Southeast
02299950,MANATEE RIVER NEAR MYAKKA HEAD FL,27.473651,-82.211201,FL,03,169.053925,174.271500,Southeast
02300700,BULLFROG CREEK NEAR WIMAUMA FL,27.791972,-82.352037,FL,03,75.336433,73.841040,Southeast
02310947,"WITHLACOOCHEE RIVER NEAR CUMPRESSCO, FLA.",28.311952,-82.055915,FL,03,724.886658,649.563400,Southeast
02312200,"LITTLE WITHLACOOCHEE RIVER AT RERDELL, FLA.",28.572773,-82.155363,FL,03,375.387756,413.478900,Southeast
02314500,"SUWANNEE RIVER AT US 441, AT FARGO, GA",30.680556,-82.560556,GA,03,2925.435547,3322.154000,Southeast
02315500,"SUWANNEE RIVER AT WHITE SPRINGS, FLA.",30.325781,-82.738183,FL,03,6290.980957,6136.255000,Southeast
02324400,"FENHOLLOWAY RIVER NEAR FOLEY, FLA.",30.098271,-83.471811,FL,03,155.332855,176.265400,Southeast
02327100,"SOPCHOPPY RIVER NR SOPCHOPPY, FLA.",30.129369,-84.494348,FL,03,264.065857,271.118200,Southeast
02342933,SOUTH FORK COWIKEE CREEK NEAR BATESVILLE AL,32.017657,-85.295770,AL,03,289.954681,290.095200,Southeast
02349900,"TURKEY CREEK AT BYROMVILLE, GA",32.195556,-83.902222,GA,03,116.499641,122.867300,Southeast
02350900,"KINCHAFOONEE CREEK NEAR DAWSON, GA",31.764444,-84.253333,GA,03,1364.340332,1365.120000,Southeast
02361000,"CHOCTAWHATCHEE RIVER NEAR NEWTON, AL.",31.342949,-85.610491,AL,03,1775.972412,1781.611000,Southeast
02363000,PEA RIVER NEAR ARITON AL,31.594887,-85.782998,AL,03,1289.262695,1292.513000,Southeast
02369800,BLACKWATER RIVER NEAR BRADLEY AL,31.027680,-86.709957,AL,03,227.044861,227.512900,Southeast
02371500,CONECUH RIVER AT BRANTLEY AL,31.573495,-86.251623,AL,03,1294.440552,1292.785000,Southeast
02372250,PATSALIGA CREEK NEAR BRANTLEY AL,31.596272,-86.405518,AL,03,1144.285400,1145.223000,Southeast
02374500,MURDER CREEK NEAR EVERGREEN AL,31.418500,-86.986640,AL,03,455.643066,445.715100,Southeast
02381600,"FAUSETT CREEK NEAR TALKING ROCK, GA",34.570366,-84.468816,GA,03,25.862921,10.324800,Southeast
02384540,"MILL CREEK NEAR CRANDALL, GA",34.872024,-84.721326,GA,03,19.882607,21.371400,Southeast
02395120,"TWO RUN CREEK NEAR KINGSTON, GA",34.242778,-84.889722,GA,03,85.691963,84.010500,Southeast
02408540,HATCHET CREEK BELOW ROCKFORD AL,32.916790,-86.270251,AL,03,680.875732,682.409700,Southeast
02415000,HILLABEE CREEK NEAR HACKNEYVILLE AL,33.066787,-85.879130,AL,03,491.887390,491.382900,Southeast
02422500,MULBERRY CREEK AT JONES AL,32.582910,-86.903599,AL,03,525.542847,527.547600,Southeast
02427250,"PINE BARREN CREEK NEAR SNOW HILL, AL.",31.996258,-87.068319,AL,03,675.697937,675.243900,Southeast
02430085,"RED BUD CREEK NR MOORES MILL, MS",34.466667,-88.283611,MS,03,40.645432,40.562100,South
02430615,"MUD CREEK NR FAIRVIEW, MS",34.392500,-88.355000,MS,03,28.736580,28.714500,South
02450250,SIPSEY FORK NEAR GRAYSON AL,34.285378,-87.398908,AL,03,238.435944,231.825200,Southeast
02464000,NORTH RIVER NEAR SAMANTHA AL,33.479281,-87.597230,AL,03,577.320435,578.944800,Southeast
02464146,TURKEY CREEK NEAR TUSCALOOSA,33.413448,-87.510560,AL,03,15.947507,15.822900,Southeast
02464360,BINION CREEK BELOW GIN CREEK NEAR SAMANTHA AL,33.424837,-87.642509,AL,03,148.084000,148.615200,Southeast
02465493,ELLIOTTS CREEK AT MOUNDVILLE AL,32.997346,-87.622230,AL,03,83.620857,83.417400,Southeast
02469800,SATILPA CREEK NEAR COFFEEVILLE AL,31.744325,-88.022507,AL,03,424.576477,422.681400,Southeast
02472000,"LEAF RIVER NR COLLINS, MS",31.706944,-89.406944,MS,03,1923.538574,1927.134000,South
02472500,"BOUIE CREEK NR HATTIESBURG, MS",31.425833,-89.414722,MS,03,787.019836,789.936300,South
02479155,"CYPRESS CREEK NR JANICE, MS",31.025278,-89.016667,MS,03,136.175140,137.280600,South
02479300,"RED CREEK AT VESTRY, MS",30.736111,-88.781111,MS,03,1141.696533,1144.201000,South
02479560,ESCATAWPA RIVER NEAR AGRICOLA MS,30.809077,-88.458627,MS,03,1454.951172,1454.328000,South
02481000,"BILOXI RIVER AT WORTHAM, MS",30.558611,-89.121944,MS,03,249.050354,249.231600,South
02481510,"WOLF RIVER NR LANDON, MS",30.483611,-89.274444,MS,03,797.375366,800.659800,South
03010655,"Oswayo Creek at Shinglehouse, PA",41.961732,-78.198066,PA,05,255.522552,254.441700,Northeast
03011800,"Kinzua Creek near Guffey, PA",41.766451,-78.718640,PA,05,100.448586,100.095300,Northeast
03015500,"Brokenstraw Creek at Youngsville, PA",41.852559,-79.317271,PA,05,831.030823,784.851300,Northeast
03021350,"French Creek near Wattsburg, PA",42.015332,-79.782551,PA,05,238.177048,239.669100,Northeast
03026500,"Sevenmile Run near Rasselas, PA",41.631173,-78.576690,PA,05,20.296827,20.305800,Northeast
03028000,"West Branch Clarion River at Wilcox, PA",41.575340,-78.692249,PA,05,163.099503,161.110200,Northeast
03049000,"Buffalo Creek near Freeport, PA",40.715898,-79.699494,PA,05,354.676697,357.153300,Northeast
03049800,"Little Pine Creek near Etna, PA",40.520346,-79.938108,PA,05,14.963732,14.887800,Northeast
03050000,"TYGART VALLEY RIVER NEAR DAILEY, WV",38.809275,-79.881734,WV,05,478.942993,487.287000,Ohio Valley
03066000,"BLACKWATER R AT DAVIS, WV",39.127052,-79.468385,WV,05,222.384872,222.785100,Ohio Valley
03069500,"CHEAT RIVER NEAR PARSONS, WV",39.122884,-79.681174,WV,05,1869.172119,1856.853000,Ohio Valley
03070500,"BIG SANDY CREEK AT ROCKVILLE, WV",39.615638,-79.704774,WV,05,517.776184,517.379400,Ohio Valley
03076600,"BEAR CREEK AT FRIENDSVILLE, MD",39.656139,-79.394111,MD,05,126.596283,127.399100,Northeast
03078000,"CASSELMAN RIVER AT GRANTSVILLE, MD",39.702194,-79.136389,MD,05,161.805069,161.482500,Northeast
03140000,Mill Creek near Coshocton OH,40.362846,-81.862356,OH,05,70.417564,70.345800,Ohio Valley
03144000,Wakatomika Creek near Frazeysburg OH,40.132568,-82.147920,OH,05,362.443329,363.414600,Ohio Valley
03159540,Shade River near Chester OH,39.063689,-81.881802,OH,05,403.865448,400.851000,Ohio Valley
03161000,"SOUTH FORK NEW RIVER NEAR JEFFERSON, NC",36.393333,-81.406944,NC,05,530.720581,527.862400,Southeast
03164000,"NEW RIVER NEAR GALAX, VA",36.647350,-80.978969,VA,05,2953.913330,2952.736000,Southeast
03165000,"CHESTNUT CREEK AT GALAX, VA",36.645961,-80.919244,VA,05,102.001907,101.996100,Southeast
03170000,"LITTLE RIVER AT GRAYSONTOWN, VA",37.037626,-80.556724,VA,05,799.964233,794.640300,Southeast
03173000,"WALKER CREEK AT BANE, VA",37.268178,-80.709512,VA,05,774.075439,773.315100,Southeast
03180500,"GREENBRIER RIVER AT DURBIN, WV",38.543727,-79.833115,WV,05,344.321167,345.056400,Ohio Valley
03182500,"GREENBRIER RIVER AT BUCKEYE, WV",38.185953,-80.130623,WV,05,1397.995728,1364.974000,Ohio Valley
03186500,"WILLIAMS RIVER AT DYER, WV",38.378999,-80.483974,WV,05,331.376770,329.680500,Ohio Valley
03187500,"CRANBERRY RIVER NEAR RICHWOOD, WV",38.295390,-80.526475,WV,05,208.146027,207.415000,Ohio Valley
03213700,"TUG FORK AT WILLIAMSON, WV",37.673157,-82.280141,KY,05,2423.192627,2425.060000,Ohio Valley
03237280,Upper Twin Creek at McGaw OH,38.643687,-83.215736,OH,05,31.584349,32.954200,Ohio Valley
03237500,Ohio Brush Creek near West Union OH,38.803684,-83.421023,OH,05,1001.896973,1003.208000,Ohio Valley
03238500,White Oak Creek near Georgetown OH,38.858125,-83.928539,OH,05,564.376038,568.503800,Ohio Valley
03241500,Massies Creek at Wilberforce OH,39.722838,-83.882707,OH,05,163.617279,170.914500,Ohio Valley
03280700,"CUTSHIN CREEK AT WOOTON, KY",37.165093,-83.307956,KY,05,158.698410,158.222700,Ohio Valley
03281100,"GOOSE CREEK AT MANCHESTER, KY",37.152034,-83.760197,KY,05,421.987610,422.723700,Ohio Valley
03281500,"SOUTH FORK KENTUCKY RIVER AT BOONEVILLE, KY",37.479810,-83.675192,KY,05,1869.172119,1838.220000,Ohio Valley
03285000,"DIX RIVER NEAR DANVILLE, KY",37.642023,-84.660777,KY,05,823.264160,822.340800,Ohio Valley
03291780,"INDIAN-KENTUCK CREEK NR CANAAN, IND.",38.878114,-85.257179,IN,05,71.194229,71.410500,Ohio Valley
03300400,"BEECH FORK AT MAUD, KY",37.832840,-85.296069,KY,05,1128.752075,1128.578000,Ohio Valley
03338780,"NORTH FORK VERMILION RIVER NEAR BISMARCK, IL",40.265314,-87.642799,IL,05,678.286804,691.555500,Ohio Valley
03340800,BIG RACCOON CREEK NEAR FINCASTLE IND,39.812545,-86.953899,IN,05,359.854462,357.653700,Ohio Valley
03346000,"NORTH FORK EMBARRAS RIVER NEAR OBLONG, IL",39.010042,-87.945588,IL,05,823.264160,814.693500,Ohio Valley
03364500,"CLIFTY CREEK AT HARTSVILLE, IN",39.274773,-85.701647,IN,05,236.623718,237.087900,Ohio Valley
03366500,"MUSCATATUCK RIVER NEAR DEPUTY, IN",38.804223,-85.673855,IN,05,758.542114,755.215100,Ohio Valley
03368000,"BRUSH CREEK NEAR NEBRASKA, IN",39.070331,-85.486077,IN,05,29.513243,29.721600,Ohio Valley
03384450,"LUSK CREEK NEAR EDDYVILLE, IL",37.472273,-88.547269,IL,05,111.062996,111.126600,Ohio Valley
03439000,"FRENCH BROAD RIVER AT ROSMAN, NC",35.143333,-82.824722,NC,06,175.785019,178.667400,Southeast
03450000,"BEETREE CREEK NEAR SWANNANOA, NC",35.653056,-82.405278,NC,06,14.135290,14.080500,Southeast
03455500,"W F PIGEON R ABOVE LAKE LOGAN NR HAZELWOOD, NC",35.396111,-82.937500,NC,06,71.453117,72.952200,Southeast
03456500,"EAST FORK PIGEON RIVER NEAR CANTON, NC",35.461667,-82.869722,NC,06,133.327377,133.426800,Southeast
03460000,"CATALOOCHEE CREEK NEAR CATALOOCHEE, NC",35.667500,-83.073611,NC,06,127.372948,127.019000,Southeast
03463300,"SOUTH TOE RIVER NEAR CELO, NC",35.831507,-82.184287,NC,06,112.098549,112.158900,Southeast
03471500,"S F HOLSTON RIVER AT RIVERSIDE NR CHILHOWIE, VA",36.760393,-81.631229,VA,06,198.308289,198.161100,Southeast
03473000,"S F HOLSTON RIVER NEAR DAMASCUS, VA",36.651781,-81.844010,VA,06,784.430969,784.812600,Southeast
03479000,"WATAUGA RIVER NEAR SUGAR GROVE, NC",36.239167,-81.822222,NC,06,238.435944,235.601100,Southeast
03488000,"N F HOLSTON RIVER NEAR SALTVILLE, VA",36.896781,-81.746229,VA,06,572.142700,578.206000,Southeast
03498500,"LITTLE RIVER NEAR MARYVILLE, TN",35.785621,-83.884604,TN,06,696.408997,696.758200,Ohio Valley
03500000,"LITTLE TENNESSEE RIVER NEAR PRENTISS, NC",35.150000,-83.379722,NC,06,362.443329,361.143900,Southeast
03500240,"CARTOOGECHAYE CREEK NEAR FRANKLIN, NC",35.158889,-83.394167,NC,06,147.825104,145.863900,Southeast
03504000,"NANTAHALA RIVER NEAR RAINBOW SPRINGS, NC",35.127500,-83.618611,NC,06,134.362930,134.516700,Southeast
03574500,PAINT ROCK RIVER NEAR WOODVILLE AL,34.624255,-86.306374,AL,06,828.441895,813.802500,Southeast
03592718,"LITTLE YELLOW CREEK EAST NR BURNSVILLE, MS",34.835556,-88.288056,MS,06,63.945362,66.989700,South
03604000,"BUFFALO RIVER NEAR FLAT WOODS, TN",35.495906,-87.832804,TN,06,1157.229858,1163.026000,Ohio Valley
04015330,"KNIFE RIVER NEAR TWO HARBORS, MN",46.946880,-91.792401,MN,04,216.430450,224.354700,Upper Midwest
04024430,"NEMADJI RIVER NEAR SOUTH SUPERIOR, WI",46.633274,-92.094080,WI,04,1087.330078,1091.250000,Upper Midwest
04027000,"BAD RIVER NEAR ODANAH, WI",46.486614,-90.696297,WI,04,1545.562012,1619.847000,Upper Midwest
04040500,"STURGEON RIVER NEAR SIDNAW, MI",46.584106,-88.575970,MI,04,442.698639,419.826600,Upper Midwest
04043050,"TRAP ROCK RIVER NEAR LAKE LINDEN, MI",47.228536,-88.385393,MI,04,72.488670,76.622400,Upper Midwest
04045500,"TAHQUAMENON RIVER NEAR PARADISE, MI",46.575015,-85.269555,MI,04,2045.215942,1909.592000,Upper Midwest
04056500,"MANISTIQUE RIVER NEAR MANISTIQUE, MI",46.030529,-86.161249,MI,04,2847.769043,2945.888000,Upper Midwest
04057510,"STURGEON RIVER NEAR NAHMA JUNCTION, MI",45.943024,-86.705700,MI,04,473.765228,473.572800,Upper Midwest
04057800,"MIDDLE BRANCH ESCANABA RIVER AT HUMBOLDT, MI",46.499103,-87.886524,MI,04,119.088524,115.870500,Upper Midwest
04059500,"FORD RIVER NEAR HYDE, MI",45.755523,-87.201524,MI,04,1164.996460,1184.366000,Upper Midwest
04063700,"POPPLE RIVER NEAR FENCE, WI",45.763570,-88.463178,WI,04,359.854462,362.571200,Upper Midwest
04074950,"WOLF RIVER AT LANGLADE, WI",45.189970,-88.733440,WI,04,1198.651855,1205.531000,Upper Midwest
04105700,"AUGUSTA CREEK NEAR AUGUSTA, MI",42.353373,-85.353889,MI,04,100.707474,98.041500,Upper Midwest
04115265,"FISH CREEK NEAR CRYSTAL, MI",43.249755,-84.981125,MI,04,102.778580,95.777110,Upper Midwest
04122200,"WHITE RIVER NEAR WHITEHALL, MI",43.464179,-86.232567,MI,04,1051.085693,1048.284000,Upper Midwest
04122500,"PERE MARQUETTE RIVER AT SCOTTVILLE, MI",43.945006,-86.278690,MI,04,1763.027954,1769.188000,Upper Midwest
04124000,"MANISTEE RIVER NEAR SHERMAN, MI",44.436392,-85.698679,MI,04,2218.670898,2243.628000,Upper Midwest
04127997,"STURGEON RIVER AT WOLVERINE, MI",45.274457,-84.600031,MI,04,497.065155,487.160100,Upper Midwest
04161580,"STONY CREEK NEAR ROMEO, MI",42.800864,-83.090212,MI,04,66.275352,64.310400,Upper Midwest
04185000,Tiffin River at Stryker OH,41.504496,-84.429672,OH,04,1061.441162,1064.001000,Ohio Valley
04196800,Tymochtee Creek at Crawford OH,40.922833,-83.348812,OH,04,592.853760,608.067000,Ohio Valley
04197100,Honey Creek at Melmore OH,41.022278,-83.109638,OH,04,385.743256,388.210500,Ohio Valley
04197170,Rock Creek at Tiffin OH,41.113666,-83.168252,OH,04,89.575279,95.208310,Ohio Valley
04213000,Conneaut Creek at Conneaut OH,41.926999,-80.603966,OH,04,453.054169,455.297400,Ohio Valley
04213075,"Brandy Run near Girard, PA",41.992000,-80.291174,PA,04,11.520520,11.651400,Northeast
04216418,TONAWANDA CREEK AT ATTICA NY,42.863949,-78.283628,NY,04,199.084946,196.472700,Northeast
04221000,GENESEE RIVER AT WELLSVILLE NY,42.122290,-77.957225,NY,04,745.597717,750.879000,Northeast
04224775,CANASERAGA CREEK ABOVE DANSVILLE NY,42.535623,-77.704161,NY,04,230.151520,231.844500,Northeast
04233000,CAYUGA INLET NEAR ITHACA NY,42.393129,-76.544943,NY,04,91.128609,91.899900,Northeast
04256000,INDEPENDENCE RIVER AT DONNATTSBURG NY,43.747291,-75.334347,NY,04,229.633743,232.445700,Northeast
04296000,"BLACK RIVER AT COVENTRY, VT",44.868936,-72.270104,VT,01,315.843475,302.189400,Northeast
05057000,"SHEYENNE RIVER NR COOPERSTOWN, ND",47.432771,-98.027595,ND,09,3287.878906,7582.457000,Northern Rockies and Plains
05057200,"BALDHILL CREEK NR DAZEY, ND",47.229156,-98.124819,ND,09,908.697205,1897.332000,Northern Rockies and Plains
05062500,"WILD RICE RIVER AT TWIN VALLEY, MN",47.266629,-96.244780,MN,09,2418.014893,2407.047000,Upper Midwest
05087500,"MIDDLE RIVER AT ARGYLE, MN",48.341089,-96.818117,MN,09,660.164673,600.818400,Upper Midwest
05120500,"WINTERING RIVER NR KARLSRUHE, ND",48.138337,-100.539862,ND,09,737.831055,1509.827000,Northern Rockies and Plains
05123400,"WILLOW CREEK NR WILLOW CITY, ND",48.588888,-100.442079,ND,09,1889.883179,3206.101000,Northern Rockies and Plains
05129115,"VERMILION RIVER NR CRANE LAKE, MN",48.264628,-92.565994,MN,09,2342.937256,2357.585000,Upper Midwest
05131500,"LITTLE FORK RIVER AT LITTLEFORK, MN",48.395776,-93.549327,MN,09,4349.320312,4383.507000,Upper Midwest
05291000,"WHETSTONE RIVER NEAR BIG STONE CITY, SD",45.291632,-96.487557,SD,07,1030.374634,1046.776000,Northern Rockies and Plains
05362000,"JUMP RIVER AT SHELDON, WI",45.308026,-90.956525,WI,07,1491.195435,1477.292000,Upper Midwest
05393500,"SPIRIT RIVER AT SPIRIT FALLS, WI",45.449132,-89.979311,WI,07,211.252686,220.435200,Upper Midwest
05399500,"BIG EAU PLEINE RIVER AT STRATFORD, WI",44.821910,-90.079575,WI,07,579.909363,576.303300,Upper Midwest
05408000,"KICKAPOO RIVER AT LA FARGE, WI",43.574140,-90.643186,WI,07,688.642334,689.333400,Upper Midwest
05412500,"Turkey River at Garber, IA",42.739988,-91.261799,IA,07,3999.821045,3858.214000,Upper Midwest
05413500,"GRANT RIVER AT BURTON, WI",42.720271,-90.819294,WI,07,696.408997,695.325600,Upper Midwest
05414000,"PLATTE RIVER NEAR ROCKVILLE, WI",42.731104,-90.640405,WI,07,367.621094,370.790100,Upper Midwest
05444000,"ELKHORN CREEK NEAR PENROSE, IL",41.902807,-89.696223,IL,07,377.976624,376.351200,Ohio Valley
05454000,"Rapid Creek near Iowa City, IA",41.700017,-91.487668,IA,07,65.498688,65.381400,Upper Midwest
05458000,"Little Cedar River near Ionia, IA",43.033280,-92.503544,IA,07,792.197571,776.764800,Upper Midwest
05466500,"EDWARDS RIVER NEAR NEW BOSTON, IL",41.186977,-90.967366,IL,07,1152.052002,1151.567000,Ohio Valley
05487980,"White Breast Creek near Dallas, IA",41.246885,-93.266070,IA,07,862.097351,882.725400,Upper Midwest
05488200,"English Creek near Knoxville, IA",41.300553,-93.045481,IA,07,233.258179,234.208800,Upper Midwest
05489000,"Cedar Creek near Bussey, IA",41.219002,-92.908533,IA,07,968.241516,964.755900,Upper Midwest
05495000,"Fox River at Wayland, MO",40.392408,-91.597875,MO,07,1035.552368,1027.552000,Ohio Valley
05495500,"BEAR CREEK NEAR MARCELLINE, IL",40.142824,-91.337370,IL,07,903.519470,905.555700,Ohio Valley
05501000,"North River at Palmyra, MO",39.817992,-91.517700,MO,07,916.463867,922.827600,Ohio Valley
05503800,"Crooked Creek near Paris, MO",39.584828,-91.993489,MO,07,207.110474,212.641200,Ohio Valley
05507600,"Lick Creek at Perry, MO",39.431430,-91.676271,MO,07,269.243622,275.375700,Ohio Valley
05508805,"Spencer Cr. bl Plum Cr. nr Frankford, MO",39.520464,-91.342750,MO,07,533.309509,536.401800,Ohio Valley
05514500,"CUIVRE RIVER NEAR TROY, MO",39.008803,-90.977536,MO,07,2337.759521,2407.411000,Ohio Valley
05525500,"SUGAR CREEK AT MILFORD, IL",40.630036,-87.723918,IL,07,1154.640869,1158.759000,Ohio Valley
05556500,"BIG BUREAU CREEK AT PRINCETON, IL",41.365870,-89.498427,IL,07,507.420685,505.094600,Ohio Valley
05584500,"LA MOINE RIVER AT COLMAR, IL",40.330322,-90.896245,IL,07,1695.717041,1695.671000,Ohio Valley
05585000,"LA MOINE RIVER AT RIPLEY, IL",40.024770,-90.631795,IL,07,3347.423096,3354.608000,Ohio Valley
05591550,"WHITLEY CREEK NEAR ALLENVILLE, IL",39.506700,-88.527555,IL,07,89.575279,96.205510,Ohio Valley
05592050,"ROBINSON CREEK NEAR SHELBYVILLE, IL",39.405873,-88.896463,IL,07,241.024826,254.121300,Ohio Valley
05592575,"HICKORY CREEK NEAR BROWNSTOWN, IL",38.936990,-88.952838,IL,07,114.428543,115.250400,Ohio Valley
05593575,"LITTLE CROOKED CREEK NEAR NEW MINDEN, IL",38.441716,-89.416751,IL,07,218.242661,217.673100,Ohio Valley
05593900,"EAST FORK SHOAL CREEK NEAR COFFEEN, IL",39.148935,-89.352305,IL,07,143.682892,145.447200,Ohio Valley
05595730,"RAYSE CREEK NEAR WALTONVILLE, IL",38.253939,-89.039793,IL,07,227.821533,236.760300,Ohio Valley
06037500,Madison River near West Yellowstone MT,44.656872,-111.068274,MT,10U,1087.330078,1126.247000,Northern Rockies and Plains
06043500,Gallatin River near Gallatin Gateway MT,45.497429,-111.270511,MT,10U,2135.826904,2120.420000,Northern Rockies and Plains
06154410,Little Peoples Creek near Hays MT,47.966104,-108.660710,MT,10U,33.655453,33.405300,Northern Rockies and Plains
06188000,"LAMAR RIVER NR TOWER FALLS RANGER STATION, YNP",44.927716,-110.393810,WY,10U,1708.661499,1730.280000,Northern Rockies and Plains
06191500,Yellowstone River at Corwin Springs MT,45.111880,-110.794381,MT,10U,6780.279297,6783.593000,Northern Rockies and Plains
06221400,"DINWOODY CREEK ABOVE LAKES, NEAR BURRIS, WYO.",43.345511,-109.410143,WY,10U,228.339310,227.880900,Northern Rockies and Plains
06224000,"BULL LAKE CREEK ABOVE BULL LAKE, WY",43.176901,-109.202911,WY,10U,484.120758,484.857900,Northern Rockies and Plains
06278300,"SHELL CREEK ABOVE SHELL CREEK RESERVOIR, WY",44.508020,-107.403689,WY,10U,59.803150,58.851000,Northern Rockies and Plains
06280300,"SOUTH FORK SHOSHONE RIVER NEAR VALLEY, WY",44.208282,-109.554888,WY,10U,768.897644,793.953000,Northern Rockies and Plains
06289000,Little Bighorn River at State Line nr Wyola MT,45.006910,-107.615095,MT,10U,471.176331,471.268700,Northern Rockies and Plains
06291500,Lodge Grass Cr ab Willow C Div nr Wyola MT,45.126445,-107.600545,MT,10U,208.922699,217.955700,Northern Rockies and Plains
06311000,"NORTH FORK POWDER RIVER NEAR HAZELTON, WY",44.027742,-107.080895,WY,10U,63.427586,61.231500,Northern Rockies and Plains
06332515,"BEAR DEN CREEK NR MANDAREE, ND",47.787237,-102.768526,ND,10U,191.577194,191.486700,Northern Rockies and Plains
06339100,"KNIFE RIVER AT MANNING, ND",47.236126,-102.769907,ND,10U,530.720581,529.141500,Northern Rockies and Plains
06339500,"KNIFE RIVER NR GOLDEN VALLEY, ND",47.154453,-102.059892,ND,10U,3184.323730,3171.457000,Northern Rockies and Plains
06344600,"GREEN RIVER NR NEW HRADEC, ND",47.027792,-103.053236,ND,10U,393.509918,402.497100,Northern Rockies and Plains
06350000,"CANNONBALL RIVER AT REGENT, ND",46.426671,-102.551830,ND,10U,1501.551025,1501.049000,Northern Rockies and Plains
06352000,"CEDAR CREEK NR HAYNES, ND",46.154170,-102.474047,ND,10U,1431.651245,1441.832000,Northern Rockies and Plains
06353000,"CEDAR CREEK NR RALEIGH, ND",46.091670,-101.333742,ND,10U,4530.541992,4526.511000,Northern Rockies and Plains
06354000,"CANNONBALL RIVER AT BREIEN, ND",46.376111,-100.934444,ND,10U,10614.412109,10598.190000,Northern Rockies and Plains
06360500,MOREAU R NEAR WHITEHORSE SD,45.255817,-100.842921,SD,10U,12628.561523,12654.960000,Northern Rockies and Plains
06404000,BATTLE CR NEAR KEYSTONE SD,43.872489,-103.336578,SD,10U,151.708420,151.827300,Northern Rockies and Plains
06406000,BATTLE CR AT HERMOSA SD,43.828046,-103.196021,SD,10U,437.520874,436.338900,Northern Rockies and Plains
06408700,RHOADS FORK NEAR ROCHFORD SD,44.136649,-103.858536,SD,10U,20.245049,20.795400,Northern Rockies and Plains
06409000,CASTLE CR ABOVE DEERFIELD RES NEAR HILL CITY SD,44.013592,-103.830478,SD,10U,205.298264,205.328500,Northern Rockies and Plains
06431500,SPEARFISH CR AT SPEARFISH SD,44.482484,-103.861592,SD,10U,427.165375,427.104900,Northern Rockies and Plains
06440200,"SOUTH FORK BAD R NEAR COTTONWOOD,SD",43.968879,-101.767090,SD,10U,665.342407,649.191600,Northern Rockies and Plains
06441500,BAD R NEAR FORT PIERRE SD,44.326649,-100.384300,SD,10U,8147.208496,8152.545000,Northern Rockies and Plains
06447000,WHITE R NEAR KADOKA SD,43.752495,-101.524867,SD,10U,12838.260742,12849.710000,Northern Rockies and Plains
06447500,LITTLE WHITE R NEAR MARTIN SD,43.166666,-101.630149,SD,10U,776.664307,826.607700,Northern Rockies and Plains
06450500,LITTLE WHITE R BELOW WHITE RIVER SD,43.601385,-100.749861,SD,10U,3867.788330,4111.272000,Northern Rockies and Plains
06452000,WHITE R NEAR OACOMA SD,43.748327,-99.556495,SD,10U,25523.777344,25791.040000,Northern Rockies and Plains
06453600,"PONCA CREEK AT VERDEL, NEBR.",42.810994,-98.175858,NE,10L,2102.171387,2101.420000,Northern Rockies and Plains
06464500,KEYA PAHA R AT WEWELA SD,43.028893,-99.780671,SD,10L,2902.135498,2914.043000,Northern Rockies and Plains
06477500,FIRESTEEL CR NEAR MOUNT VERNON SD,43.776400,-98.245672,SD,10U,1519.673096,1512.444000,Northern Rockies and Plains
06479215,BIG SIOUX RIVER NR FLORENCE SD,45.180795,-97.186190,SD,10L,176.561691,175.282200,Northern Rockies and Plains
06479438,BIG SIOUX R NEAR WATERTOWN SD,45.006075,-97.165076,SD,10L,595.442627,951.912900,Northern Rockies and Plains
06601000,"OMAHA CR AT HOMER, NEBR",42.321581,-96.487683,NE,10L,450.465302,450.198900,Northern Rockies and Plains
06614800,"MICHIGAN RIVER NEAR CAMERON PASS, CO.",40.496094,-105.865012,CO,10L,3.986877,4.028400,Southwest
06622700,"NORTH BRUSH CREEK NEAR SARATOGA, WY",41.370245,-106.520581,WY,10L,96.824150,98.703000,Northern Rockies and Plains
06623800,"ENCAMPMENT RIVER AB HOG PARK CR, NR ENCAMPMENT, WY",41.023579,-106.824766,WY,10L,188.211655,187.661700,Northern Rockies and Plains
06632400,"ROCK CREEK AB KING CANYON CANAL, NR ARLINGTON, WY",41.585245,-106.222791,WY,10L,162.840622,162.985500,Northern Rockies and Plains
06746095,"JOE WRIGHT CREEK ABOVE JOE WRIGHT RESERVOIR, CO.",40.539982,-105.882790,CO,10L,8.129086,8.904600,Southwest
06784000,"SOUTH LOUP R AT ST. MICHAEL, NEBR.",41.032444,-98.740533,NE,10L,4116.320801,6019.745000,Northern Rockies and Plains
06803510,"LITTLE SALT CREEK NEAR LINCOLN, NEBR.",40.893114,-96.681553,NE,10L,112.875214,113.278500,Northern Rockies and Plains
06803530,"ROCK CREEK NEAR CERESCO, NEBR.",41.015697,-96.544283,NE,10L,310.665710,309.745800,Northern Rockies and Plains
06814000,"TURKEY C NR SENECA, KS",39.947777,-96.108615,KS,10L,714.531128,713.826000,South
06846500,"BEAVER C AT CEDAR BLUFFS, KS",39.985006,-100.560148,KS,10L,3427.678467,4357.758000,South
06847900,"PRAIRIE DOG C AB KEITH SEBELIUS LAKE, KS",39.769849,-100.100779,KS,10L,1527.439819,1536.188000,South
06853800,"WHITE ROCK C NR BURR OAK, KS",39.899249,-98.250425,KS,10L,587.675964,589.425300,South
06876700,"SALT C NR ADA, KS",39.139069,-97.836960,KS,10L,994.130310,1056.442000,South
06878000,"CHAPMAN C NR CHAPMAN, KS",39.031109,-97.040292,KS,10L,776.664307,776.418300,South
06879650,"KINGS C NR MANHATTAN, KS",39.101948,-96.595214,KS,10L,10.588523,11.506500,South
06885500,"BLACK VERMILLION R NR FRANKFORT, KS",39.681924,-96.442894,KS,10L,1061.441162,1062.869000,South
06888500,"MILL C NR PAXICO, KS",39.062655,-96.150252,KS,10L,823.264160,842.346000,South
06889200,"SOLDIER C NR DELIA, KS",39.238330,-95.888599,KS,10L,385.743256,385.659900,South
06889500,"SOLDIER C NR TOPEKA, KS",39.099380,-95.724952,KS,10L,750.775513,748.582200,South
06892000,"STRANGER C NR TONGANOXIE, KS",39.116327,-95.010881,KS,10L,1051.085693,1092.723000,South
06903400,"Chariton River near Chariton, IA",40.951890,-93.259848,IA,10L,471.176331,481.415400,Upper Midwest
06906800,"Lamine River near Otterville, MO",38.702250,-92.978833,MO,10L,1405.762329,1414.753000,Ohio Valley
06910800,"MARAIS DES CYGNES R NR READING, KS",38.567005,-95.961632,KS,10L,458.231934,444.597300,South
06911900,"DRAGOON C NR BURLINGAME, KS",38.710690,-95.836029,KS,10L,295.132446,293.055300,South
06917000,"L OSAGE R AT FULTON, KS",38.018968,-94.713668,KS,10L,812.908630,765.783900,South
06918460,"Turnback Creek above Greenfield, MO",37.402369,-93.802028,MO,10L,652.398010,650.689200,Ohio Valley
06919500,"Cedar Creek near Pleasant View, MO",37.834203,-93.875492,MO,10L,1087.330078,1069.424000,Ohio Valley
06921070,"Pomme de Terre River near Polk, MO",37.682653,-93.370333,MO,10L,714.531128,712.586000,Ohio Valley
06921200,"Lindley Creek near Polk, MO",37.750467,-93.266183,MO,10L,289.954681,323.619300,Ohio Valley
06934000,"Gasconade River near Rich Fountain, MO",38.388808,-91.819889,MO,10L,8232.641602,8264.900000,Ohio Valley
07014500,"Meramec River near Sullivan, MO",38.158531,-91.108458,MO,07,3818.599365,3845.500000,Ohio Valley
07056000,"Buffalo River near St. Joe, AR",35.983175,-92.747553,AR,11,2146.182373,2149.364000,South
07057500,"North Fork River near Tecumseh, MO",36.623033,-92.248125,MO,11,1452.362183,1456.436000,Ohio Valley
07060710,"North Sylamore Creek near Fifty Six, AR",35.995351,-92.212655,AR,11,150.413986,150.027700,South
07066000,"Jacks Fork at Eminence, MO",37.154081,-91.358161,MO,11,1030.374634,1053.496000,Ohio Valley
07067000,"Current River at Van Buren, MO",36.991378,-91.013511,MO,11,4315.664551,4349.011000,Ohio Valley
07068000,"Current River at Doniphan, MO",36.622003,-90.847623,MO,11,5276.139648,5318.585000,Ohio Valley
07071500,"Eleven Point River near Bardley, MO",36.648681,-91.200819,MO,11,2052.982666,2023.769000,Ohio Valley
07083000,"HALFMOON CREEK NEAR MALTA, CO.",39.172213,-106.389193,CO,11,60.838703,60.761390,Southwest
07142300,"RATTLESNAKE C NR MACKSVILLE, KS",37.871594,-98.876137,KS,11,921.641663,1819.941000,South
07145700,"SLATE C AT WELLINGTON, KS",37.249550,-97.403896,KS,11,398.687683,399.810600,South
07148400,"Salt Fork Arkansas River nr Alva, OK",36.815031,-98.648139,OK,11,2542.281250,2544.504000,South
07149000,"MEDICINE LODGE R NR KIOWA, KS",37.039202,-98.470215,KS,11,2337.759521,2291.199000,South
07151500,"CHIKASKIA R NR CORBIN, KS",37.128912,-97.601439,KS,11,2055.571533,2108.996000,South
07167500,"OTTER C AT CLIMAX, KS",37.708210,-96.223602,KS,11,333.965637,319.617900,South
07180500,"CEDAR C NR CEDAR POINT, KS",38.196451,-96.824579,KS,11,284.776917,275.505300,South
07184000,"LIGHTNING C NR MCCUNE, KS",37.281254,-95.032668,KS,11,510.009552,510.839100,South
07195800,"Flint Creek at Springtown, AR",36.255481,-94.433942,AR,11,36.762112,38.234700,South
07196900,"Baron Fork at Dutch Mills, AR",35.880082,-94.486606,AR,11,105.108566,106.352100,South
07197000,"Baron Fork at Eldon, OK",35.921200,-94.838563,OK,11,807.730896,808.448500,South
07208500,"RAYADO CREEK NEAR CIMARRON, NM",36.372258,-104.970003,NM,11,168.277267,159.223500,Southwest
07226500,"UTE CREEK NEAR LOGAN, NM",35.438382,-103.525794,NM,11,3735.755371,5242.753000,Southwest
07261000,"Cadron Creek near Guy, AR",35.298800,-92.403931,AR,11,437.520874,445.814100,South
07263295,"Maumelle River at Williams Junction, AR",34.876201,-92.774612,AR,11,119.347412,119.027700,South
07290650,"BAYOU PIERRE NR WILLOWS, MS",32.017778,-90.876944,MS,08,1693.128174,1688.728000,South
07291000,"HOMOCHITTO RIVER AT EDDICETON, MS",31.503056,-90.777500,MS,08,468.587463,479.295900,South
07292500,"HOMOCHITTO RIVER AT ROSETTA, MS",31.324722,-91.109444,MS,08,2037.449341,2073.093000,South
07295000,"BUFFALO RIVER NR WOODVILLE, MS",31.226944,-91.295556,MS,08,465.998566,466.579800,South
07299670,"Groesbeck Ck at SH 6 nr Quanah, TX",34.354520,-99.740372,TX,11,784.430969,828.357300,South
07301410,"Sweetwater Ck nr Kelton, TX",35.473104,-100.120950,TX,11,691.231201,769.665600,South
07301500,"North Fork Red River near Carter, OK",35.168108,-99.507313,OK,11,5366.750488,6885.075000,South
07315200,"E Fk Little Wichita Rv nr Henrietta, TX",33.812878,-98.085041,TX,11,460.820831,501.615900,South
07315700,"Mud Creek near Courtney, OK",34.004265,-97.566968,OK,11,1486.017700,1488.686000,South
07335700,"Kiamichi River near Big Cedar, OK",34.638437,-94.612724,OK,11,102.519691,102.569600,South
07340300,"Cossatot River near Vandervoort, AR",34.379554,-94.235763,AR,11,231.963745,230.434700,South
07346045,"Black Cypress Bayou at Jefferson, TX",32.777917,-94.357415,TX,11,944.941589,959.886900,South
07359610,"Caddo River near Caddo Gap, AR",34.382780,-93.606110,AR,08,352.087830,342.234900,South
07362100,"SMACKOVER CREEK NEAR SMACKOVER, ARK.",33.375956,-92.777106,AR,08,996.719177,996.078600,South
07362587,"Alum Fork Saline River near Reform, AR",34.797591,-92.933507,AR,08,69.899788,69.772500,South
07373000,"Big Creek at Pollock, LA",31.536287,-92.408471,LA,08,132.032928,131.177500,South
07375000,"Tchefuncta River near Folsom, LA",30.616022,-90.248695,LA,08,247.238129,249.347700,South
07376000,"Tickfaw River at Holden, LA",30.503802,-90.677316,LA,08,639.453613,651.605300,South
08013000,"CALCASIEU RIVER NR GLENMORA, LA",30.996023,-92.673755,LA,08,1291.851562,1293.693000,South
08014500,"Whiskey Chitto Creek Near Oberlin, LA",30.698750,-92.893194,LA,08,1320.329346,1305.147000,South
08023080,"Bayou Grand Cane near Stanley, LA",31.979333,-93.934077,LA,12,187.693878,187.608600,South
08025500,"Bayou Toro near Toro, LA",31.307127,-93.515729,LA,12,383.154388,383.024700,South
08029500,"Big Cow Ck nr Newton, TX",30.818889,-93.785556,TX,12,331.376770,333.399600,South
08050800,"Timber Ck nr Collinsville, TX",33.554554,-96.947227,TX,12,100.448586,100.932400,South
08066200,"Long King Ck at Livingston, TX",30.716306,-94.958824,TX,12,365.032227,364.120200,South
08066300,"Menard Ck nr Rye, TX",30.481389,-94.779722,TX,12,393.509918,383.571400,South
08070000,"E Fk San Jacinto Rv nr Cleveland, TX",30.336598,-95.104100,TX,12,841.386353,841.055400,South
08070200,"E Fk San Jacinto Rv nr New Caney, TX",30.145493,-95.124376,TX,12,1004.485840,989.365500,South
08079600,"DMF Brazos Rv at Justiceburg, TX",33.038432,-101.197630,TX,12,631.686951,3348.947000,South
08082700,"Millers Ck nr Munday, TX",33.329266,-99.465083,TX,12,269.243622,276.035400,South
08086212,"Hubbard Ck bl Albany, TX",32.732897,-99.140630,TX,12,1586.984009,1584.818000,South
08086290,"Big Sandy Ck abv Breckenridge, TX",32.648456,-99.004515,TX,12,724.886658,732.982500,South
08101000,"Cowhouse Ck at Pidcoke, TX",31.284890,-97.885024,TX,12,1177.940796,1177.100000,South
08103900,"S Fk Rocky Ck nr Briggs, TX",30.911568,-98.036968,TX,12,86.209740,86.000840,South
08104900,"S Fk San Gabriel Rv at Georgetown, TX",30.625750,-97.691120,TX,12,344.321167,342.617400,South
08109700,"Middle Yegua Ck nr Dime Box, TX",30.339378,-96.904704,TX,12,610.975891,610.126200,South
08150800,"Beaver Ck nr Mason, TX",30.643515,-99.095885,TX,12,556.609436,557.521200,South
08155200,"Barton Ck at SH 71 nr Oak Hill, TX",30.296316,-97.925565,TX,12,232.222626,232.742700,South
08158700,"Onion Ck nr Driftwood, TX",30.082989,-98.007786,TX,12,321.021240,320.344200,South
08158810,"Bear Ck bl FM 1826 nr Driftwood, TX",30.155487,-97.940008,TX,12,31.584349,31.788900,South
08164000,"Lavaca Rv nr Edna, TX",28.959984,-96.686367,TX,12,2115.115723,2123.997000,South
08164300,"Navidad Rv nr Hallettsville, TX",29.466908,-96.812756,TX,12,859.508484,861.542100,South
08164600,"Garcitas Ck nr Inez, TX",28.891376,-96.819149,TX,12,237.400391,253.920600,South
08165300,"N Fk Guadalupe Rv nr Hunt, TX",30.064097,-99.386992,TX,12,437.520874,435.992400,South
08171300,"Blanco Rv nr Kyle, TX",29.979383,-97.910005,TX,12,1066.619019,1067.474000,South
08175000,"Sandies Ck nr Westhoff, TX",29.215248,-97.449435,TX,12,1421.295654,1421.657000,South
08176900,"Coleto Ck at Arnold Rd nr Schroeder, TX",28.861653,-97.226379,TX,12,924.230530,925.442100,South
08178880,"Medina Rv at Bandera, TX",29.723835,-99.070035,TX,12,849.152954,850.579200,South
08189500,"Mission Rv at Refugio, TX",28.291951,-97.279159,TX,12,1786.327881,1808.286000,South
08190000,"Nueces Rv at Laguna, TX",29.428567,-99.997287,TX,12,1908.005249,1961.433000,South
08190500,"W Nueces Rv nr Brackettville, TX",29.472731,-100.236463,TX,12,1796.683472,1799.090000,South
08194200,"San Casimiro Ck nr Freer, TX",27.965013,-98.966968,TX,12,1214.185181,1220.584000,South
08195000,"Frio Rv at Concan, TX",29.488565,-99.704776,TX,12,1007.074707,1028.286000,South
08196000,"Dry Frio Rv nr Reagan Wells, TX",29.504676,-99.781445,TX,12,326.199005,326.978100,South
08198500,"Sabinal Rv at Sabinal, TX",29.314306,-99.480472,TX,12,623.920349,624.347000,South
08200000,"Hondo Ck nr Tarpley, TX",29.569673,-99.246706,TX,12,247.497025,249.114600,South
08202700,"Seco Ck at Rowe Ranch nr D'Hanis, TX",29.370789,-99.287819,TX,12,434.932007,434.745000,South
08267500,"RIO HONDO NEAR VALDEZ, NM",36.541693,-105.556398,NM,13,93.717491,96.257700,Southwest
08269000,"RIO PUEBLO DE TAOS NEAR TAOS, NM",36.439472,-105.503620,NM,13,172.419479,163.266300,Southwest
08271000,"RIO LUCERO NEAR ARROYO SECO, NM",36.508361,-105.530842,NM,13,42.975426,43.774200,Southwest
08324000,"JEMEZ RIVER NEAR JEMEZ, NM",35.661694,-106.743369,NM,13,1216.774048,1207.948000,Southwest
08377900,"RIO MORA NEAR TERRERO, NM",35.777254,-105.658073,NM,13,137.728470,139.031100,Southwest
08378500,"PECOS RIVER NEAR PECOS, NM",35.708366,-105.682517,NM,13,489.298523,444.959100,Southwest
08380500,"GALLINAS CREEK NEAR MONTEZUMA, NM",35.651986,-105.318900,NM,13,217.466003,198.062100,Southwest
09034900,"BOBTAIL CREEK NEAR JONES PASS, CO.",39.760264,-105.906401,CO,14,14.497734,15.649200,Southwest
09035800,"DARLING CREEK NEAR LEAL, CO.",39.800542,-106.026407,CO,14,22.730375,22.943700,Southwest
09035900,"SOUTH FORK OF WILLIAMS FORK NEAR LEAL, CO.",39.795820,-106.030573,CO,14,70.935341,72.842100,Southwest
09047700,"KEYSTONE GULCH NEAR DILLON, CO.",39.594431,-105.972516,CO,14,23.662373,23.570100,Southwest
09065500,"GORE CREEK AT UPPER STATION, NEAR MINTURN, CO.",39.625819,-106.278082,CO,14,37.538773,37.775700,Southwest
09066000,"BLACK GORE CREEK NEAR MINTURN, CO.",39.596375,-106.265026,CO,14,32.361012,32.409900,Southwest
09066200,"BOOTH CREEK NEAR MINTURN, CO.",39.648319,-106.323083,CO,14,15.999285,16.096500,Southwest
09066300,"MIDDLE CREEK NEAR MINTURN, CO.",39.645819,-106.382251,CO,14,15.429731,15.522300,Southwest
09081600,"CRYSTAL RIVER AB AVALANCHE C, NEAR REDSTONE, CO.",39.232207,-107.227273,CO,14,432.343140,432.892800,Southwest
09107000,"TAYLOR RIVER AT TAYLOR PARK, CO.",38.860271,-106.566697,CO,14,331.376770,331.619400,Southwest
09210500,"FONTENELLE C NR HERSCHLER RANCH, NR FONTENELLE, WY",42.096053,-110.416556,WY,14,393.509918,398.309400,Northern Rockies and Plains
09223000,"HAMS FORK BELOW POLE CREEK, NEAR FRONTIER, WY",42.110494,-110.709621,WY,14,331.376770,333.153000,Northern Rockies and Plains
09306242,"CORRAL GULCH NEAR RANGELY, CO.",39.920250,-108.472872,CO,14,82.326416,81.985500,Southwest
09312600,"WHITE RIVER BL TABBYUNE C NEAR SOLDIER SUMMIT, UT",39.875793,-111.037388,UT,14,195.719406,195.294600,Southwest
09352900,"VALLECITO CREEK NEAR BAYFIELD, CO.",37.477501,-107.543669,CO,14,187.693878,188.151400,Southwest
09378170,"SOUTH CREEK ABOVE RESERVOIR NEAR MONTICELLO, UT",37.846661,-109.369562,UT,14,22.367931,21.897900,Southwest
09378630,"RECAPTURE CREEK NEAR BLANDING, UT",37.755550,-109.476511,UT,14,9.760081,10.423800,Southwest
09386900,"RIO NUTRIA NEAR RAMAH, NM",35.282529,-108.553411,NM,15,184.846100,184.941900,Southwest
09404450,"EAST FORK VIRGIN RIVER NEAR GLENDALE, UT",37.339427,-112.604377,UT,15,192.094971,192.960000,Southwest
09430500,"GILA RIVER NEAR GILA, NM",33.061179,-108.537275,NM,15,4825.674316,4804.927000,Southwest
09430600,"MOGOLLON CREEK NEAR CLIFF, NM",33.166733,-108.649779,NM,15,178.632782,190.522000,Southwest
09447800,"BONITA CREEK NEAR MORENCI, AZ.",32.955618,-109.531188,AZ,15,781.842041,781.961400,Southwest
09480000,"SANTA CRUZ RIVER NEAR LOCHIEL, AZ.",31.355378,-110.589526,AZ,15,212.806015,213.381000,Southwest
09484000,"SABINO CREEK NEAR TUCSON, AZ.",32.316742,-110.810367,AZ,15,91.905273,103.652100,Southwest
09484600,"PANTANO WASH NEAR VAIL, AZ.",32.035914,-110.677582,AZ,15,1183.118652,1179.589000,Southwest
09492400,"EAST FORK WHITE RIVER NEAR FORT APACHE, AZ.",33.822272,-109.814541,AZ,15,100.448586,128.967300,Southwest
09494000,"WHITE RIVER NEAR FORT APACHE, AZ.",33.736441,-110.166767,AZ,15,1636.172852,1628.228000,Southwest
09497800,"CIBECUE CREEK NEAR CHYSOTILE, AZ.",33.843105,-110.557609,AZ,15,763.719910,750.862800,Southwest
09497980,"CHERRY CREEK NEAR GLOBE, AZ.",33.827826,-110.856227,AZ,15,517.776184,516.798000,Southwest
09505200,"WET BEAVER CREEK NEAR RIMROCK, AZ.",34.674744,-111.672094,AZ,15,287.365784,285.677100,Southwest
09505350,"DRY BEAVER CREEK NEAR RIMROCK, AZ.",34.728631,-111.775708,AZ,15,367.621094,365.661900,Southwest
09505800,"WEST CLEAR CREEK NEAR CAMP VERDE, AZ.",34.538636,-111.694036,AZ,15,623.920349,614.941400,Southwest
09508300,"WET BOTTOM CREEK NEAR CHILDS, AZ.",34.160868,-111.692924,AZ,15,94.235268,93.000600,Southwest
09510200,"SYCAMORE CREEK NEAR FORT MCDOWELL, AZ.",33.694211,-111.541802,AZ,15,424.576477,425.308500,Southwest
09512280,"CAVE CREEK BLW COTTONWOOD CR NEAR CAVE CREEK, AZ.",33.887260,-111.954039,AZ,15,214.100464,188.709300,Southwest
09513780,"NEW RIVER NEAR ROCK SPRINGS, AZ.",33.974202,-112.099046,AZ,15,176.820572,177.470100,Southwest
10023000,"BIG CREEK NEAR RANDOLPH, UT",41.609942,-111.254088,UT,16,135.657364,131.456700,Southwest
10166430,"WEST CANYON CREEK NEAR CEDAR FORT, UT",40.405226,-112.100496,UT,16,69.382011,70.173000,Southwest
10172700,"VERNON CREEK NEAR VERNON, UT",39.979391,-112.380230,UT,16,64.722023,69.929110,Southwest
10172800,"SOUTH WILLOW CREEK NEAR GRANTSVILLE, UT",40.496331,-112.574403,UT,16,10.847411,11.070900,Southwest
10173450,"MAMMOTH CREEK ABV WEST HATCH DITCH, NEAR HATCH, UT",37.622757,-112.516877,UT,16,271.832520,268.527600,Southwest
10205030,"SALINA CREEK NEAR EMERY, UT",38.911914,-111.530465,UT,16,134.104034,134.597700,Southwest
10234500,"BEAVER RIVER NEAR BEAVER, UT",38.280526,-112.568271,UT,16,235.588165,236.419200,Southwest
10242000,"COAL CREEK NEAR CEDAR CITY, UT",37.672199,-113.034670,UT,16,209.440475,208.685700,Southwest
10244950,"STEPTOE C NR ELY, NV",39.201539,-114.689161,NV,16,28.736580,28.196100,West
10249300,"S TWIN R NR ROUND MOUNTAIN, NV",38.887430,-117.245367,NV,16,51.777618,50.195700,West
10258000,TAHQUITZ C NR PALM SPRINGS CA,33.805019,-116.559182,CA,18,43.752090,43.691400,West
10258500,PALM CYN C NR PALM SPRINGS CA,33.745022,-116.535571,CA,18,241.024826,241.512300,West
10259000,ANDREAS C NR PALM SPRINGS CA,33.760021,-116.550015,CA,18,22.393822,22.456800,West
10259200,DEEP C NR PALM DESERT CA,33.631136,-116.392234,CA,18,79.219757,79.123500,West
10263500,BIG ROCK C NR VALYERMO CA,34.420831,-117.839507,CA,18,59.285374,59.463900,West
10310500,"CLEAR CREEK NEAR CARSON CITY, NV",39.113242,-119.798237,NV,16,40.127655,39.489300,West
10316500,"LAMOILLE C NR LAMOILLE, NV",40.690761,-115.477003,NV,16,64.463135,64.778400,West
10329500,"MARTIN C NR PARADISE VALLEY, NV",41.534618,-117.417905,NV,16,453.701385,454.520700,West
10336645,GENERAL C NR MEEKS BAY CA,39.051852,-120.118521,CA,16,19.261274,19.598400,West
10336660,BLACKWOOD C NR TAHOE CITY CA,39.107407,-120.162135,CA,16,28.995466,29.796300,West
10336740,"Logan House Ck nr Glenbrook, NV",39.066575,-119.935460,NV,16,5.410761,5.536800,West
10343500,SAGEHEN C NR TRUCKEE CA,39.431572,-120.237979,CA,16,27.183250,27.602700,West
10348850,GALENA C AT GALENA C STATE PARK,39.354354,-119.858522,NV,16,19.908495,19.138500,West
10396000,DONNER UND BLITZEN RIVER NR FRENCHGLEN OR,42.790833,-118.867500,OR,17,517.776184,528.894000,Northwest
11098000,ARROYO SECO NR PASADENA CA,34.222226,-118.177573,CA,18,41.422096,41.566500,West
11124500,SANTA CRUZ C NR SANTA YNEZ CA,34.596656,-119.908752,CA,18,191.577194,191.522700,West
11141280,LOPEZ C NR ARROYO GRANDE CA,35.235530,-120.472386,CA,18,54.107613,54.007200,West
11143000,BIG SUR R NR BIG SUR CA,36.245796,-121.773287,CA,18,120.382965,120.612600,West
11148900,NACIMIENTO R BL SAPAQUE C NR BRYSON CA,35.788579,-121.093805,CA,18,419.398712,403.454700,West
11151300,SAN LORENZO C BL BITTERWATER C NR KING CITY CA,36.268021,-121.066303,CA,18,603.209290,608.228100,West
11162500,PESCADERO C NR PESCADERO CA,37.260777,-122.328860,CA,18,118.829636,118.871100,West
11176400,ARROYO VALLE BL LANG CN NR LIVERMORE CA,37.561322,-121.683839,CA,18,336.554535,338.561100,West
11180500,DRY C A UNION CITY CA,37.606045,-122.023850,CA,18,24.309593,24.318900,West
11180960,CULL C AB CULL C RES NR CASTRO VALLEY CA,37.717707,-122.054407,CA,18,14.989621,15.062400,West
11224500,LOS GATOS C AB NUNEZ CYN NR COALINGA CA,36.214677,-120.470712,CA,18,248.014801,247.435200,West
11230500,BEAR C NR LAKE THOMAS A EDISON CA,37.339386,-118.973451,CA,18,135.916245,135.530100,West
11237500,PITMAN C BL TAMARACK C CA,37.198557,-119.213733,CA,18,59.285374,59.823900,West
11253310,CANTUA C NR CANTUA CREEK CA,36.402174,-120.433492,CA,18,120.124077,120.437100,West
11264500,MERCED R A HAPPY ISLES BRIDGE NR YOSEMITE CA,37.731593,-119.558774,CA,18,468.587463,467.976100,West
11266500,MERCED R A POHONO BRIDGE NR YOSEMITE CA,37.716871,-119.666279,CA,18,831.030823,833.081700,West
11274500,ORESTIMBA C NR NEWMAN CA,37.315492,-121.125208,CA,18,346.910065,347.750300,West
11274630,DEL PUERTO C NR PATTERSON CA,37.486599,-121.209103,CA,18,187.952759,187.437500,West
11284400,BIG C AB WHITES GULCH NR GROVELAND CA,37.841871,-120.184910,CA,18,42.457649,41.716800,West
11299600,BLACK C NR COPPEROPOLIS CA,37.961036,-120.615203,CA,18,37.279884,37.323900,West
11381500,MILL C NR LOS MOLINOS CA,40.054602,-122.024154,CA,18,339.143402,337.630500,West
11383500,DEER C NR VINA CA,40.014047,-121.948318,CA,18,538.487244,539.775300,West
11451100,NF CACHE C A HOUGH SPRING NR CLEARLAKE OAKS CA,39.165446,-122.619986,CA,18,155.850632,155.094300,West
11468500,NOYO R NR FORT BRAGG CA,39.428224,-123.737792,CA,18,274.421387,273.514500,West
11473900,MF EEL R NR DOS RIOS CA,39.706267,-123.325291,CA,18,1928.716309,1925.013000,West
11475560,ELDER C NR BRANSCOMB CA,39.729600,-123.643907,CA,18,16.827726,16.794000,West
11476600,BULL C NR WEOTT CA,40.351250,-124.003931,CA,18,72.747559,71.845200,West
11478500,VAN DUZEN R NR BRIDGEVILLE CA,40.480416,-123.890876,CA,18,574.731567,572.376600,West
11480390,MAD R AB RUTH RES NR FOREST GLEN CA,40.284313,-123.335303,CA,18,242.837036,242.597700,West
11481200,LITTLE R NR TRINIDAD CA,41.010959,-124.081733,CA,18,104.849678,105.403500,West
11482500,REDWOOD C A ORICK CA,41.299290,-124.051182,CA,18,717.120056,718.039800,West
11522500,SALMON R A SOMES BAR CA,41.377627,-123.477558,CA,18,1944.249634,1943.120000,West
11523200,TRINITY R AB COFFEE C NR TRINITY CTR CA,41.111257,-122.705579,CA,18,385.743256,382.935600,West
11528700,SF TRINITY R BL HYAMPOM CA,40.649863,-123.494205,CA,18,1977.905029,1980.083000,West
11532500,SMITH R NR CRESCENT CITY CA,41.791503,-124.076189,CA,18,1589.572876,1577.962000,West
12010000,"NASELLE RIVER NEAR NASELLE, WA",46.373994,-123.743482,WA,17,141.870682,142.182000,Northwest
12013500,"WILLAPA RIVER NEAR WILLAPA, WA",46.650934,-123.652658,WA,17,336.554535,337.685400,Northwest
12020000,"CHEHALIS RIVER NEAR DOTY, WA",46.617324,-123.277644,WA,17,292.543549,294.223500,Northwest
12025000,"NEWAUKUM RIVER NEAR CHEHALIS, WA",46.620104,-122.945126,WA,17,401.276550,404.903700,Northwest
12025700,"SKOOKUMCHUCK RIVER NEAR VAIL, WA",46.772603,-122.594009,WA,17,103.555237,103.302900,Northwest
12035000,"SATSOP RIVER NEAR SATSOP, WA",47.000651,-123.494884,WA,17,774.075439,769.899600,Northwest
12040500,"QUEETS RIVER NEAR CLEARWATER, WA",47.537859,-124.315746,WA,17,1152.052002,1153.437000,Northwest
12041200,"HOH RIVER AT US HIGHWAY 101 NEAR FORKS, WA",47.806747,-124.251033,WA,17,654.986877,655.796700,Northwest
12043000,"CALAWAH RIVER NEAR FORKS, WA",47.960077,-124.392987,WA,17,333.965637,337.185000,Northwest
12048000,"DUNGENESS RIVER NEAR SEQUIM, WA",48.014258,-123.132677,WA,17,403.865448,405.006300,Northwest
12054000,"DUCKABUSH RIVER NEAR BRINNON, WA",47.683981,-123.011551,WA,17,172.160583,171.675000,Northwest
12056500,"NF SKOKOMISH R BL STAIRCASE RPDS NR HOODSPORT, WA",47.514257,-123.329887,WA,17,148.084000,146.971500,Northwest
12073500,"HUGE CREEK NEAR WAUNA, WA",47.389262,-122.699024,WA,17,16.750059,15.672600,Northwest
12082500,"NISQUALLY RIVER NEAR NATIONAL, WA",46.752608,-122.083719,WA,17,344.321167,349.998300,Northwest
12092000,"PUYALLUP RIVER NEAR ELECTRON, WA",46.903716,-122.035109,WA,17,240.248154,240.881400,Northwest
12095000,"SOUTH PRAIRIE CREEK AT SOUTH PRAIRIE, WA",47.139546,-122.092614,WA,17,205.816040,205.835400,Northwest
12114500,"CEDAR RIVER BELOW BEAR CREEK NEAR CEDAR FALLS, WA",47.342054,-121.548986,WA,17,65.757576,66.555900,Northwest
12115000,"CEDAR RIVER NEAR CEDAR FALLS, WA",47.370107,-121.625101,WA,17,105.367455,102.798300,Northwest
12115500,"REX RIVER NEAR CEDAR FALLS, WA",47.350662,-121.663158,WA,17,34.691006,34.718400,Northwest
12117000,"TAYLOR CREEK NEAR SELLECK, WA",47.386491,-121.846222,WA,17,44.528751,44.853630,Northwest
12141300,"MIDDLE FORK SNOQUALMIE RIVER NEAR TANNER, WA",47.485940,-121.647881,WA,17,398.687683,401.509800,Northwest
12143600,"SF SNOQUALMIE RIVER AT EDGEWICK, WA",47.452604,-121.717885,WA,17,170.607254,165.006900,Northwest
12144000,"SF SNOQUALMIE RIVER AT NORTH BEND, WA",47.492880,-121.790111,WA,17,211.511581,210.105900,Northwest
12145500,"RAGING RIVER NEAR FALL CITY, WA",47.539824,-121.909005,WA,17,79.219757,78.980400,Northwest
12147500,"NORTH FORK TOLT RIVER NEAR CARNATION, WA",47.712324,-121.788727,WA,17,103.296349,102.893400,Northwest
12147600,"SOUTH FORK TOLT RIVER NEAR INDEX, WA",47.706771,-121.600107,WA,17,13.824625,14.126400,Northwest
12167000,"NF STILLAGUAMISH RIVER NEAR ARLINGTON, WA",48.261492,-122.047641,WA,17,678.286804,683.752500,Northwest
12175500,"THUNDER CREEK NEAR NEWHALEM, WA",48.672629,-121.072896,WA,17,271.832520,273.820500,Northwest
12178100,"NEWHALEM CREEK NEAR NEWHALEM, WA",48.655959,-121.238456,WA,17,69.640900,69.683400,Northwest
12186000,"SAUK RIVER AB WHITECHUCK RIVER NEAR DARRINGTON, WA",48.168720,-121.470672,WA,17,393.509918,398.435400,Northwest
12189500,"SAUK RIVER NEAR SAUK, WA",48.424559,-121.568463,WA,17,1848.461060,1855.317000,Northwest
12358500,Middle Fork Flathead River nr West Glacier MT,48.495244,-114.010119,MT,17,2920.257812,2939.194000,Northern Rockies and Plains
12374250,Mill Cr ab Bassoo Cr nr Niarada MT,47.829664,-114.697630,MT,17,50.742069,50.789700,Northern Rockies and Plains
12375900,South Crow Creek near Ronan MT,47.491600,-114.026774,MT,17,19.597830,19.722600,Northern Rockies and Plains
12377150,Mission Cr ab Reservoir nr ST Ignatius MT,47.322987,-113.979548,MT,17,32.102123,32.176800,Northern Rockies and Plains
12381400,South Fork Jocko River near Arlee MT,47.195486,-113.850653,MT,17,144.977341,150.947100,Northern Rockies and Plains
12383500,Big Knife Creek near Arlee MT,47.147428,-113.974272,MT,17,17.811501,17.670600,Northern Rockies and Plains
12388400,Revais Cr bl West Fork nr Dixon MT,47.266317,-114.406786,MT,17,60.579815,60.840900,Northern Rockies and Plains
12390700,Prospect Creek at Thompson Falls MT,47.586046,-115.355153,MT,17,471.176331,470.233800,Northern Rockies and Plains
12411000,NF COEUR D ALENE R AB SHOSHONE CK NR PRICHARD ID,47.706111,-115.979167,ID,17,867.275146,867.483300,Northwest
12414500,ST JOE RIVER AT CALDER ID,47.274640,-116.189049,ID,17,2653.603027,2678.972000,Northwest
12447390,"ANDREWS CREEK NEAR MAZAMA, WA",48.822925,-120.145924,WA,17,57.214272,58.101030,Northwest
12451000,"STEHEKIN RIVER AT STEHEKIN, WA",48.329580,-120.691767,WA,17,831.030823,830.597400,Northwest
12488500,"AMERICAN RIVER NEAR NILE, WA",46.977616,-121.168696,WA,17,204.262711,205.170300,Northwest
13011500,PACIFIC CREEK AT MORAN WY,43.850278,-110.517778,WY,17,437.520874,404.077500,Northern Rockies and Plains
13011900,BUFFALO FORK AB LAVA CREEK NR MORAN WY,43.838056,-110.441111,WY,17,836.208557,851.803200,Northern Rockies and Plains
13018300,"CACHE CREEK NEAR JACKSON, WY",43.452153,-110.704091,WY,17,27.442139,27.901460,Northern Rockies and Plains
13023000,GREYS RIVER AB RESERVOIR NR ALPINE WY,43.142778,-110.976667,WY,17,1159.818726,1161.929000,Northern Rockies and Plains
13083000,TRAPPER CREEK NR OAKLEY ID,42.165833,-113.983611,ID,17,134.621811,133.183800,Northwest
13161500,BRUNEAU RIVER AT ROWLAND NV,41.933237,-115.674527,NV,17,988.952515,986.130900,West
13235000,SF PAYETTE RIVER AT LOWMAN ID,44.085278,-115.622222,ID,17,1154.640869,1163.229000,Northwest
13240000,LAKE FORK PAYETTE RIVER AB JUMBO CR NR MCCALL ID,44.913611,-115.997222,ID,17,126.596283,125.569800,Northwest
13310700,SF SALMON RIVER NR KRASSEL RANGER STATION ID,44.986944,-115.725000,ID,17,854.330750,853.132500,Northwest
13313000,JOHNSON CREEK AT YELLOW PINE ID,44.961667,-115.500000,ID,17,564.376038,561.935800,Northwest
13331500,"MINAM RIVER NEAR MINAM, OR",45.619867,-117.726589,OR,17,621.331421,618.929100,Northwest
13337000,LOCHSA RIVER NR LOWELL ID,46.150833,-115.587222,ID,17,3049.701904,3053.417000,Northwest
13338500,SF CLEARWATER RIVER AT STITES ID,46.086389,-115.976667,ID,17,3023.812988,3027.002000,Northwest
13340000,CLEARWATER RIVER AT OROFINO ID,46.478333,-116.257500,ID,17,14256.967773,14268.920000,Northwest
13340600,NF CLEARWATER RIVER NR CANYON RANGER STATION ID,46.840466,-115.620703,ID,17,3355.189697,3354.622000,Northwest
14020000,"UMATILLA RIVER ABOVE MEACHAM CREEK, NR GIBBON, OR",45.719577,-118.323291,OR,17,339.143402,341.426700,Northwest
14092750,"SHITIKE CR, AT PETERS PASTURE, NR WARM SPRINGS, OR",44.750395,-121.633397,OR,17,59.285374,57.480300,Northwest
14096850,"BEAVER CREEK, BLW QUARTZ CR, NR SIMNASHO, OR.",44.958727,-121.394229,OR,17,375.387756,374.623200,Northwest
14137000,"SANDY RIVER NEAR MARMOT, OR",45.399564,-122.137307,OR,17,683.464600,674.239500,Northwest
14138800,"BLAZED ALDER CREEK NEAR RHODODENDRON, OREG.",45.452618,-121.891468,OR,17,21.151157,21.288600,Northwest
14138870,"FIR CREEK NEAR BRIGHTWOOD, OR",45.480119,-122.025638,OR,17,14.135290,14.024310,Northwest
14138900,"NORTH FORK BULL RUN RIVER NEAR MULTNOMAH FALLS, OR",45.494286,-122.035917,OR,17,21.539490,21.682800,Northwest
14139800,"SOUTH FORK BULL RUN RIVER NEAR BULL RUN, OR",45.444564,-122.109529,OR,17,39.868767,40.703400,Northwest
14141500,"LITTLE SANDY RIVER NEAR BULL RUN, OREG.",45.415398,-122.171475,OR,17,57.732044,59.865300,Northwest
14154500,"ROW RIVER ABOVE PITCHER CREEK NEAR, DORENA, OREG",43.735957,-122.873402,OR,17,546.253906,546.810500,Northwest
14158500,"MCKENZIE RIVER AT OUTLET OF CLEAR LAKE, OR",44.360955,-121.995617,OR,17,239.212601,237.077100,Northwest
14158790,"SMITH R AB SMITH R RES NR BELKNAP SPRGS,OREG.",44.334567,-122.047007,OR,17,41.939873,40.571100,Northwest
14166500,"LONG TOM RIVER NEAR NOTI, OREG.",44.049845,-123.426210,OR,17,231.187073,226.524600,Northwest
14182500,"LITTLE NORTH SANTIAM RIVER NEAR MEHAMA, OR",44.791511,-122.578974,OR,17,289.954681,286.849800,Northwest
14185000,"SOUTH SANTIAM RIVER BELOW CASCADIA, OR",44.391792,-122.497582,OR,17,450.465302,458.177400,Northwest
14185900,"QUARTZVILLE CREEK NEAR CASCADIA, OREG.",44.540124,-122.435915,OR,17,256.816986,258.196500,Northwest
14187000,"WILEY CREEK NEAR FOSTER, OR",44.372348,-122.623138,OR,17,134.104034,134.749800,Northwest
14216500,"MUDDY CREEK BELOW CLEAR CREEK NEAR COUGAR, WA",46.075669,-121.998698,WA,17,349.498932,349.524000,Northwest
14222500,"EAST FORK LEWIS RIVER NEAR HEISSON, WA",45.836781,-122.466208,WA,17,323.610138,323.889300,Northwest
14236200,"TILTON RIVER AB BEAR CANYON CREEK NEAR CINEBAR, WA",46.595384,-122.459556,WA,17,365.032227,360.993600,Northwest
14301000,"NEHALEM RIVER NEAR FOSS, OR",45.703999,-123.755405,OR,17,1726.783569,1743.544000,Northwest
14303200,"TUCCA CREEK NEAR BLAINE, OR.",45.324276,-123.546501,OR,17,7.999642,8.059500,Northwest
14305500,"SILETZ RIVER AT SILETZ, OR",44.715117,-123.887335,OR,17,522.953979,526.329900,Northwest
14306340,"EAST FORK LOBSTER CREEK NEAR ALSEA, OR.",44.247899,-123.636494,OR,17,14.756622,14.727600,Northwest
14306500,"ALSEA RIVER NEAR TIDEWATER, OR",44.385954,-123.831778,OR,17,864.686279,857.163600,Northwest
14308990,"COW CREEK ABV GALESVILLE RES, NR AZALEA, OR.",42.823177,-123.125892,OR,17,167.500595,167.755500,Northwest
14309500,"WEST FORK COW CREEK NEAR GLENDALE, OR",42.804004,-123.610907,OR,17,224.973755,224.920800,Northwest
14316700,"STEAMBOAT CREEK NEAR GLIDE, OR",43.349842,-122.728942,OR,17,587.675964,587.898900,Northwest
14325000,"SOUTH FORK COQUILLE RIVER AT POWERS, OR",42.891499,-124.070652,OR,17,437.520874,443.074500,Northwest
14362250,"STAR GULCH NEAR RUCH, OR.",42.154014,-123.075323,OR,17,41.422096,41.421600,Northwest
14400000,"CHETCO RIVER NEAR BROOKINGS, OR",42.123443,-124.187311,OR,17,701.586731,702.634500,Northwest
